date,dem_estimate,dem_hi,dem_lo,rep_estimate,rep_hi,rep_lo
2021-11-19,42.034068,46.981064,37.087072,42.579445,48.753725,36.405165
2021-11-18,41.908301,46.842576,36.974025,42.5273,48.707597,36.347003
2021-11-17,42.112169,47.115818,37.10852,42.40987,48.62508,36.19466
2021-11-16,42.124671,47.145332,37.10401,42.384735,48.628449,36.141021
2021-11-15,42.394808,47.375059,37.414556,41.817185,47.884997,35.749372
2021-11-14,42.411296,47.389367,37.433226,41.809331,47.870614,35.748049
2021-11-13,42.511003,47.5354,37.486607,41.151824,46.993139,35.310509
2021-11-12,42.524628,47.546199,37.503057,41.151,46.988019,35.313982
2021-11-11,42.455061,47.53186,37.378261,41.196489,47.112219,35.280759
2021-11-10,42.468068,47.541389,37.394747,41.195708,47.106329,35.285087
2021-11-09,43.130433,47.818533,38.442334,42.058914,47.638958,36.478871
2021-11-08,43.174184,47.863463,38.484906,42.063757,47.668482,36.459033
2021-11-07,42.97201,47.60889,38.33513,42.027297,47.659532,36.395062
2021-11-06,43.332966,47.883817,38.782115,41.737129,47.370154,36.104105
2021-11-05,43.339387,47.890928,38.787846,41.726908,47.356534,36.097282
2021-11-04,43.446108,48.036091,38.856124,41.168903,46.665254,35.672552
2021-11-03,43.45139,48.041617,38.861162,41.165447,46.659376,35.671518
2021-11-02,43.54154,48.20732,38.87576,40.88869,46.41019,35.36719
2021-11-01,43.58347,48.22762,38.93931,40.86164,46.37433,35.34896
2021-10-31,44.0243,48.54547,39.50314,41.54601,46.68345,36.40857
2021-10-30,43.85657,48.3884,39.32473,41.36609,46.50059,36.23159
2021-10-29,43.86335,48.39532,39.33137,41.36715,46.50103,36.23326
2021-10-28,43.87119,48.40323,39.33915,41.36929,46.50326,36.23532
2021-10-27,43.87698,48.40921,39.34476,41.37037,46.50492,36.23581
2021-10-26,43.853607,48.4078,39.299414,41.338263,46.486714,36.189812
2021-10-25,43.860908,48.414339,39.307477,41.340226,46.487253,36.193199
2021-10-24,44.094963,48.566113,39.623813,41.559489,46.611705,36.507273
2021-10-23,44.098501,48.570144,39.626858,41.557723,46.611042,36.504405
2021-10-22,44.101992,48.57424,39.629743,41.555895,46.611144,36.500645
2021-10-21,44.105118,48.577671,39.632565,41.553944,46.610764,36.497124
2021-10-20,44.275869,48.797225,39.754514,41.712436,46.842138,36.582734
2021-10-19,44.314833,48.89304,39.736625,41.541818,46.62817,36.455466
2021-10-18,44.317098,48.89481,39.739385,41.540681,46.628919,36.452442
2021-10-17,44.319642,48.896463,39.74282,41.53966,46.629065,36.450255
2021-10-16,44.322002,48.898155,39.745848,41.538007,46.62834,36.447674
2021-10-15,44.310573,48.90835,39.712795,41.54813,46.664958,36.431302
2021-10-14,44.435332,49.016662,39.854002,41.531357,46.675861,36.386852
2021-10-13,44.435841,49.016655,39.855027,41.529658,46.674403,36.384912
2021-10-12,44.443081,49.037815,39.848348,41.593183,46.738599,36.447767
2021-10-11,44.443263,49.037291,39.849235,41.59,46.735874,36.444127
2021-10-10,44.443564,49.036424,39.850703,41.586997,46.732709,36.441286
2021-10-09,44.444222,49.036175,39.852269,41.583853,46.729444,36.438262
2021-10-08,44.44459,49.035958,39.853222,41.580539,46.726531,36.434547
2021-10-07,44.740156,49.254059,40.226254,41.894078,46.92405,36.864106
2021-10-06,44.736682,49.250354,40.223011,41.887312,46.918937,36.855686
2021-10-05,44.904062,49.449596,40.358528,42.018014,47.053175,36.982853
2021-10-04,45.067448,49.643948,40.490947,41.685,46.608377,36.761622
2021-10-03,45.073412,49.692383,40.454441,41.719959,46.692579,36.747339
2021-10-02,45.064377,49.681791,40.446963,41.713648,46.687796,36.7395
2021-10-01,45.056185,49.67275,40.439619,41.707829,46.683689,36.73197
2021-09-30,45.048043,49.662812,40.433274,41.701796,46.678738,36.724855
2021-09-29,44.965148,49.651934,40.278361,42.059518,47.080416,37.03862
2021-09-28,44.657717,49.256422,40.059012,41.706695,46.66074,36.752651
2021-09-27,44.653419,49.251369,40.055469,41.7021,46.658209,36.745992
2021-09-26,44.646609,49.242999,40.050219,41.696639,46.654466,36.738813
2021-09-25,44.637512,49.231642,40.043382,41.688447,46.64783,36.729064
2021-09-24,44.631709,49.22475,40.038668,41.681311,46.64279,36.719833
2021-09-23,44.447131,48.997096,39.897167,41.792682,46.791928,36.793436
2021-09-22,44.444438,48.994518,39.894359,41.785702,46.789869,36.781536
2021-09-21,43.758875,48.201129,39.316621,41.175946,46.149378,36.202513
2021-09-20,43.763876,48.20716,39.320591,41.174913,46.151457,36.198369
2021-09-19,43.767813,48.212272,39.323354,41.174335,46.153712,36.194958
2021-09-18,43.772711,48.218619,39.326803,41.173632,46.157413,36.18985
2021-09-17,43.776719,48.224015,39.329423,41.171979,46.159745,36.184213
2021-09-16,43.787758,48.231659,39.343857,41.187737,46.178513,36.196962
2021-09-15,43.78306,48.26768,39.29843,41.14745,46.17536,36.11954
2021-09-14,43.84528,48.443600000000004,39.24696,41.35109,46.45134,36.25085
2021-09-13,43.63311,48.25278,39.01344,41.27015,46.42078,36.11951
2021-09-12,43.72807,48.31169,39.14445,41.29055,46.43542,36.14567
2021-09-11,43.64941,48.29537,39.00344,41.10859,46.27623,35.94096
2021-09-10,43.65347,48.29912,39.00782,41.10349,46.27279,35.93419
2021-09-09,43.85194,48.56834,39.13555,41.01186,46.27613,35.74758
2021-09-08,43.8549,48.57065,39.13914,41.00732,46.27408,35.74057
2021-09-07,43.90912,48.60502,39.21322,41.06641,46.2983,35.83451
2021-09-06,43.9103,48.60523,39.21537,41.06144,46.29435,35.82853
2021-09-05,43.91159,48.6058,39.21738,41.05585,46.29131,35.82038
2021-09-04,43.91323,48.60655,39.21991,41.05142,46.28954,35.8133
2021-09-03,43.91518,48.60831,39.22206,41.04595,46.28572,35.80618
2021-09-02,43.91711,48.60965,39.22458,41.04028,46.28227,35.79828
2021-09-01,43.89007,48.61224,39.1679,40.9105,46.15361,35.66739
2021-08-31,43.83001,48.57621,39.08381,40.40146,45.52174,35.28118
2021-08-30,43.83033,48.5759,39.08476,40.39709,45.51922,35.27497
2021-08-29,43.77293,48.5366,39.00927,40.21031,45.27577,35.14485
2021-08-28,43.77175,48.53603,39.00747,40.20427,45.27166,35.13689
2021-08-27,43.77151,48.53556,39.00747,40.19799,45.26662,35.12937
2021-08-26,43.77105,48.53553,39.00656,40.19169,45.26192,35.12145
2021-08-25,43.75666,48.81423,38.6991,40.91094,45.97915,35.84273
2021-08-24,43.75821,48.81366,38.70277,40.90397,45.9724,35.83554
2021-08-23,43.76036,48.81459,38.70612,40.89748,45.96682,35.82814
2021-08-22,43.76241,48.81499,38.70982,40.89026,45.96046,35.82005
2021-08-21,43.41241,48.51823,38.30658,40.26908,45.2793,35.25885
2021-08-20,43.41639,48.52043,38.31234,40.26482,45.27622,35.25342
2021-08-19,43.75594,48.75891,38.75298,40.64285,45.85156,35.43413
2021-08-18,43.75941,48.76297,38.75586,40.63669,45.84513,35.42825
2021-08-17,43.87406,48.84679,38.90133,40.52409,45.76061,35.28756
2021-08-16,43.87762,48.8498,38.90543,40.51719,45.75357,35.28081
2021-08-15,43.88102,48.85295,38.9091,40.50956,45.74622,35.2729
2021-08-14,43.88428,48.85599,38.91258,40.50196,45.73898,35.26493
2021-08-13,43.88742,48.85899,38.91584,40.49486,45.73225,35.25747
2021-08-12,43.891,48.8629,38.91909,40.48807,45.72561,35.25054
2021-08-11,43.89373,48.86493,38.92254,40.47997,45.71701,35.24292
2021-08-10,43.90417,48.87764,38.93071,40.42468,45.67496,35.1744
2021-08-09,43.81145,48.80747,38.81543,40.10152,45.27953,34.9235
2021-08-08,43.81488,48.81043,38.81932,40.09588,45.27457,34.9172
2021-08-07,43.81796,48.81242,38.82351,40.09052,45.26947,34.91156
2021-08-06,43.8204,48.81414,38.82666,40.08573,45.26517,34.90629
2021-08-05,43.61971,48.70077,38.53865,39.85169,45.11275,34.59064
2021-08-04,43.62196,48.70196,38.54197,39.84661,45.10776,34.58547
2021-08-03,43.67228,48.85721,38.48735,38.92726,44.14693,33.7076
2021-08-02,43.67554,48.85925,38.49183,38.9267,44.14665,33.70675
2021-08-01,43.67894,48.86134,38.49654,38.92627,44.14621,33.70634
2021-07-31,43.68169,48.86168,38.5017,38.92715,44.14614,33.70817
2021-07-30,43.68438,48.8634,38.50537,38.92688,44.14624,33.70752
2021-07-29,43.68744,48.86506,38.50982,38.92647,44.14573,33.70721
2021-07-28,43.68998,48.86645,38.51352,38.92618,44.14566,33.7067
2021-07-27,43.69245,48.86751,38.51739,38.92598,44.14541,33.70654
2021-07-26,43.89753,49.10116,38.69389,39.04085,44.30411,33.7776
2021-07-25,43.37591,48.47952,38.27231,38.96498,44.16555,33.76441
2021-07-24,43.36335,48.4656,38.2611,38.95789,44.15729,33.7585
2021-07-23,43.37036,48.47199,38.26872,38.95827,44.1576,33.75893
2021-07-22,43.37922,48.48019,38.27826,38.95856,44.1576,33.75953
2021-07-21,43.38432,48.48447,38.28416,38.95845,44.15733,33.75957
2021-07-20,43.39268,48.49148,38.29388,38.95777,44.15702,33.75851
2021-07-19,43.52968,48.55378,38.50557,38.70919,43.80929,33.60909
2021-07-18,43.53416,48.55785,38.51048,38.71148,43.81153,33.61142
2021-07-17,43.53848,48.56182,38.51513,38.71373,43.81378,33.61367
2021-07-16,43.54278,48.565,38.52057,38.71571,43.81509,33.61633
2021-07-15,43.54689,48.56867,38.52512,38.71764,43.81711,33.61818
2021-07-14,43.55087,48.57221,38.52953,38.71949,43.81903,33.61995
2021-07-13,43.55467,48.57557,38.53377,38.72133,43.82089,33.62178
2021-07-12,43.55825,48.57858,38.53791,38.72311,43.82255,33.62368
2021-07-11,43.5617,48.58152,38.54187,38.7249,43.82423,33.62556
2021-07-10,43.56665,48.58477,38.54853,38.72691,43.82552,33.62831
2021-07-09,43.57001,48.58765,38.55238,38.72896,43.82736,33.63055
2021-07-08,43.57301,48.58984,38.55619,38.73066,43.8286,33.63271
2021-07-07,44.50398,49.4054,39.60256,39.81369,44.66668,34.9607
2021-07-06,44.91125,49.7938,40.0287,40.01522,44.87317,35.15728
2021-07-05,44.91273,49.79539,40.03007,40.00993,44.86758,35.15228
2021-07-04,44.91116,49.79384,40.02847,40.00539,44.86327,35.14751
2021-07-03,44.90952,49.79183,40.02721,40.00159,44.85952,35.14367
2021-07-02,44.908,49.79021,40.0258,39.99732,44.85531,35.13933
2021-07-01,44.90553,49.78722,40.02383,39.99374,44.8507,35.13679
2021-06-30,44.90415,49.78546,40.02283,39.9905,44.84743,35.13357
2021-06-29,45.48063,50.37574,40.58553,40.40337,45.2799,35.52684
2021-06-28,45.47431,50.36831,40.58032,40.39816,45.27292,35.5234
2021-06-27,45.47048,50.36383,40.57713,40.3925,45.26664,35.51836
2021-06-26,45.46647,50.35793,40.57501,40.38723,45.25963,35.51482
2021-06-25,45.46298,50.35325,40.5727,40.3819,45.25313,35.51067
2021-06-24,45.45811,50.34675,40.56948,40.37494,45.24464,35.50524
2021-06-23,45.45319,50.14225,40.76413,39.86283,44.45325,35.27242
2021-06-22,45.45405,50.14337,40.76473,39.85624,44.44641,35.26608
2021-06-21,45.44932,50.138420000000004,40.76022,39.85404,44.44419,35.26389
2021-06-20,45.44476,50.1338,40.75571,39.85194,44.44226,35.26161
2021-06-19,45.43922,50.12804,40.75041,39.8493,44.43968,35.25893
2021-06-18,45.43497,50.1237,40.74625,39.8474,44.43789,35.25691
2021-06-17,45.42986,50.11842,40.74129,39.84503,44.43562,35.25444
2021-06-16,45.42595,50.1143,40.73759,39.84333,44.43387,35.25279
2021-06-15,45.4212,50.10946,40.73294,39.84118,44.43188,35.25049
2021-06-14,45.41665,50.104730000000004,40.72856,39.83915,44.42992,35.24838
2021-06-13,45.41231,50.10021,40.72441,39.83725,44.42805,35.24644
2021-06-12,45.40809,50.09586,40.72032,39.83541,44.42631,35.24451
2021-06-11,45.40406,50.09138,40.71675,39.83369,44.42433,35.24304
2021-06-10,45.40008,50.0871,40.71306,39.83205,44.42262,35.24148
2021-06-09,45.39589,50.08232,40.70947,39.83072,44.42093,35.2405
2021-06-08,45.39217,50.07776,40.70658,39.82926,44.41882,35.2397
2021-06-07,45.38979,50.07465,40.70493,39.82805,44.41708,35.23902
2021-06-06,45.38507,50.06856,40.70159,39.82867,44.41698,35.24036
2021-06-05,45.38203,50.06451,40.69955,39.82738,44.41486,35.23989
2021-06-04,45.37791,50.0594,40.69643,39.82419,44.41096,35.23742
2021-06-03,45.37285,50.05314,40.69256,39.82119,44.40704,35.23534
2021-06-02,45.36885,50.04801,40.68969,39.81686,44.40192,35.23179
2021-06-01,45.36343,50.04139,40.68547,39.81394,44.39804,35.22983
2021-05-31,45.35855,50.03527,40.68182,39.81084,44.39388,35.22781
2021-05-30,45.35334,50.02906,40.67762,39.80834,44.39061,35.22607
2021-05-29,45.34694,50.02012,40.67376,39.8058,44.38613,35.22547
2021-05-28,45.34017,50.01253,40.66782,39.80165,44.38137,35.22193
2021-05-27,45.33309,50.00417,40.662,39.79784,44.37662,35.21906
2021-05-26,45.32688,49.99685,40.6569,39.79377,44.37164,35.2159
2021-05-25,44.38397,48.98297,39.78498,39.54823,44.13718,34.95927
2021-05-24,44.42113,49.03782,39.80444,39.24482,43.86151,34.62813
2021-05-23,44.41835,49.03352,39.80319,39.24126,43.85642,34.62609
2021-05-22,44.41388,49.02744,39.80033,39.23885,43.85241,34.6253
2021-05-21,44.41204,49.02407,39.80002,39.23697,43.84899,34.62495
2021-05-20,43.90178,48.5371,39.26645,39.32685,43.96218,34.69153
2021-05-19,43.90296,48.53555,39.27037,39.33588,43.96847,34.70329
2021-05-18,44.49971,49.18627,39.81316,40.21468,44.90124,35.52813
2021-05-17,44.49809,49.18373,39.81244,40.21361,44.89926,35.52797
2021-05-16,44.50007,49.18455,39.81559,40.21593,44.90042,35.53145
2021-05-15,44.49858,49.1818,39.81536,40.21505,44.89828,35.53183
2021-05-14,44.50024,49.18259,39.81789,40.21684,44.89919,35.53449
2021-05-13,44.58492,49.32823,39.84161,40.7258,45.46911,35.98248
2021-05-12,44.85817,49.53963,40.17672,40.76357,45.44502,36.08211
2021-05-11,44.85746,49.53871,40.17621,40.76326,45.4445,36.08201
2021-05-10,44.85456,49.53553,40.1736,40.76135,45.44232,36.08039
2021-05-09,44.85159,49.53232,40.17086,40.75944,45.44017,36.0787
2021-05-08,44.84851,49.52903,40.168,40.75755,45.43806,36.07703
2021-05-07,44.84573,49.5257,40.16576,40.75583,45.4358,36.07586
2021-05-06,44.84289,49.52256,40.16323,40.75417,45.43383,36.0745
2021-05-05,44.8402,49.51935,40.16105,40.75264,45.43179,36.073480000000004
2021-05-04,44.83765,49.5163,40.159,40.75123,45.42988,36.07258
2021-05-03,44.83752,49.51414,40.1609,40.75126,45.42788,36.07465
2021-05-02,44.83518,49.51129,40.15907,40.75003,45.42614,36.07393
2021-05-01,44.83292,49.50874,40.15711,40.74887,45.42469,36.07306
2021-04-30,44.8306,49.50592,40.15529,40.74773,45.42304,36.07242
2021-04-29,44.66154,49.43921,39.88387,40.57322,45.35089,35.79555
2021-04-28,44.58023,49.48338,39.67708,41.20649,46.10964,36.30334
2021-04-27,44.39988,49.37328,39.42648,41.18826,46.16166,36.21485
2021-04-26,44.39898,49.37197,39.42599,41.18991,46.16291,36.21692
2021-04-25,43.5801,48.71718,38.44303,40.93354,46.07062,35.79647
2021-04-24,43.58217,48.7184,38.44594,40.93238,46.068600000000004,35.79615
2021-04-23,43.58184,48.71769,38.44599,40.93423,46.07008,35.79838
2021-04-22,43.58376,48.71877,38.44875,40.9332,46.06821,35.79819
2021-04-21,43.58561,48.71981,38.45141,40.93224,46.06644,35.79804
2021-04-20,43.60429,48.73199,38.47658,40.9599,46.08761,35.83219
2021-04-19,44.38387,49.66576,39.10197,40.61264,45.89454,35.33075
2021-04-18,45.11194,50.67333,39.55056,41.39515,46.95653,35.83376
2021-04-17,45.11021,50.66924,39.55118,41.38996,46.94899,35.83093
2021-04-16,45.10856,50.66442,39.55271,41.38512,46.94098,35.82927
2021-04-15,44.91247,50.2344,39.59055,40.55711,45.87904,35.23519
2021-04-14,44.91166,50.23306,39.59026,40.56,45.8814,35.2386
2021-04-13,44.91093,50.23142,39.59045,40.56251,45.883,35.24202
2021-04-12,44.91021,50.22873,39.59169,40.5652,45.88372,35.24669
2021-04-11,44.90953,50.22712,39.59195,40.56784,45.88542,35.25026
2021-04-10,44.90889,50.22458,39.5932,40.57046,45.88615,35.25478
2021-04-09,44.90829,50.22205,39.59454,40.57294,45.8867,35.25919
2021-04-08,44.90772,50.22024,39.59521,40.57537,45.88789,35.26286
2021-04-07,44.9071,50.21768,39.59652,40.57767,45.88825,35.26709
2021-04-06,44.90644,50.21495,39.59793,40.57986,45.88837,35.27135
2021-04-05,44.90585,50.21218,39.59951,40.58204,45.88837,35.2757
2021-04-04,44.90524,50.20965,39.60084,40.58413,45.88854,35.27973
2021-04-03,44.90463,50.20633,39.60294,40.58643,45.88813,35.28473
2021-04-02,44.9041,50.20367,39.60454,40.58844,45.888,35.28888
2021-04-01,44.90354,50.20129,39.60578,40.59062,45.88838,35.29287
2018-11-06,50.65668,55.66678,45.64658,42.04514,46.21677,37.87352
2018-11-05,50.53908,55.53302,45.54515,42.04837,46.23875,37.85799
2018-11-04,50.50536,55.30851,45.70221,42.19392,46.4556,37.93224
2018-11-03,50.56466,55.40578,45.72354,42.19696,46.52753,37.86639
2018-11-02,50.49619,55.31327,45.6791,42.17579,46.48554,37.86604
2018-11-01,50.33536,55.14003,45.53068,41.84699,46.02996,37.66402
2018-10-31,50.1663,54.98213,45.35046,41.69167,45.882,37.50134
2018-10-30,50.39679,54.97564,45.81793,41.92432,45.49765,38.35099
2018-10-29,50.30738,54.87481,45.73994,41.83323,45.39582,38.27064
2018-10-28,50.18658,54.57126,45.8019,42.06704,45.66256,38.47152
2018-10-27,50.16668,54.55853,45.77482,42.04225,45.64664,38.43785
2018-10-26,50.14124,54.5275,45.75498,41.94641,45.545,38.34782
2018-10-25,50.02747,54.48289,45.57205,41.96029,45.60968,38.3109
2018-10-24,49.96341,54.46985,45.45697,41.74267,45.4206,38.06474
2018-10-23,49.92311,54.4314,45.41482,41.29852,44.9562,37.64083
2018-10-22,49.92701,54.43812,45.41589,41.30983,44.97019,37.64947
2018-10-21,49.73489,54.15559,45.31419,41.31881,45.00797,37.62965
2018-10-20,49.70964,54.17543,45.24385,41.35004,45.08133,37.61876
2018-10-19,49.65073,54.12128,45.18019,41.29103,45.02717,37.55489
2018-10-18,49.70908,54.21848,45.19967,41.29708,45.07283,37.52132
2018-10-17,49.67918,54.21505,45.1433,41.33665,45.11563,37.55766
2018-10-16,49.49345,54.03783,44.94907,40.89948,44.69088,37.10807
2018-10-15,49.54742,54.0787,45.01613,40.92458,44.70844,37.14072
2018-10-14,50.34974,54.81253,45.88695,41.58846,45.28556,37.89137
2018-10-13,49.91584,54.21974,45.61195,41.49424,45.22343,37.76504
2018-10-12,49.86118,54.16308,45.55927,41.46049,45.18385,37.73714
2018-10-11,49.73205,54.05781,45.40629,41.42537,45.17065,37.6801
2018-10-10,49.6383,53.93652,45.34008,41.39679,45.16863,37.62494
2018-10-09,49.50788,53.83218,45.18359,41.28965,45.03801,37.5413
2018-10-08,49.18105,53.38228,44.97981,41.42923,45.16093,37.69753
2018-10-07,49.18623,53.40071,44.97175,41.41088,45.14998,37.67178
2018-10-06,49.18753,53.414,44.96105,41.39424,45.14048,37.64799
2018-10-05,49.1426,53.39795,44.88725,41.33501,45.10589,37.56414
2018-10-04,49.01933,53.30177,44.73689,41.34945,45.13654,37.56235
2018-10-03,49.30263,53.59593,45.00933,41.26046,45.05534,37.46558
2018-10-02,49.42597,53.78635,45.0656,41.08334,44.92615,37.24052
2018-10-01,49.39236,53.84511,44.93961,40.97352,44.86056,37.08648
2018-09-30,49.55196,54.04552,45.0584,40.93609,44.7865,37.08568
2018-09-29,49.61386,54.13513,45.09259,40.95899,44.82765,37.09032
2018-09-28,49.62444,54.16703,45.08184,40.94309,44.8299,37.05629
2018-09-27,49.60345,54.14491,45.06199,40.92422,44.81195,37.0365
2018-09-26,49.50957,54.07431,44.94483,40.90758,44.82239,36.99277
2018-09-25,49.4426,53.92501,44.9602,40.98256,44.90781,37.05731
2018-09-24,49.39797,53.86749,44.92845,40.88258,44.79239,36.97278
2018-09-23,49.37062,53.84042,44.90083,40.85016,44.76044,36.93987
2018-09-22,49.34122,53.88187,44.80058,40.50631,44.41939,36.59323
2018-09-21,49.31567,53.85222,44.77912,40.49044,44.40353,36.57735
2018-09-20,49.2225,53.77515,44.66985,40.35767,44.28355,36.4318
2018-09-19,49.2005,53.7515,44.64949,40.34584,44.27185,36.41984
2018-09-18,49.21309,53.75751,44.66867,40.18597,44.11503,36.25692
2018-09-17,48.99541,53.52506,44.46576,39.89773,43.87387,35.92159
2018-09-16,49.00679,53.52383,44.48976,39.90728,43.88107,35.93348
2018-09-15,48.9885,53.50552,44.47148,39.90475,43.87831,35.93119
2018-09-14,48.9038,53.42683,44.38077,39.81883,43.79385,35.84381
2018-09-13,48.81726,53.33866,44.29586,39.70305,43.697,35.7091
2018-09-12,48.76472,53.26033,44.26911,39.64524,43.64305,35.64743
2018-09-11,48.49887,52.99067,44.00707,39.86387,43.90548,35.82226
2018-09-10,48.3873,52.8979,43.8767,39.88277,43.89141,35.87413
2018-09-09,48.37365,52.88044,43.86686,39.88341,43.89072,35.87609
2018-09-08,48.35781,52.86075,43.85488,39.88356,43.88865,35.87848
2018-09-07,48.27982,52.77792,43.78171,39.85139,43.85128,35.85151
2018-09-06,48.26617,52.76,43.77235,39.85282,43.85049,35.85515
2018-09-05,48.27547,52.93398,43.61697,39.88828,43.89308,35.88348
2018-09-04,48.46371,53.18198,43.74543,39.58911,43.55537,35.62286
2018-09-03,48.43446,53.15063,43.7183,39.59993,43.55536,35.64449
2018-09-02,48.41163,53.12415,43.69912,39.61753,43.56356,35.6715
2018-09-01,48.39962,53.10493,43.6943,39.62589,43.56884,35.68295
2018-08-31,48.27784,52.87735,43.67833,39.72888,43.71498,35.74278
2018-08-30,48.15388,52.75434,43.55341,39.8229,43.86985,35.77594
2018-08-29,47.892,52.39288,43.39112,39.99734,44.1085,35.88619
2018-08-28,47.5998,52.11,43.0896,39.93839,44.08101,35.79576
2018-08-27,47.62898,52.15539,43.10257,39.89221,43.99021,35.79421
2018-08-26,47.6187,52.14762,43.08978,39.91088,43.99414,35.82761
2018-08-25,47.55927,52.10081,43.01772,39.96797,44.00596,35.92998
2018-08-24,47.59828,52.12496,43.07159,40.01119,44.05209,35.97029
2018-08-23,47.53631,52.1072,42.96542,40.0359,44.08677,35.98502
2018-08-22,47.43257,52.00641,42.85873,40.00755,44.06594,35.94915
2018-08-21,47.26329,51.85921,42.66737,40.20641,44.29277,36.12006
2018-08-20,47.29074,51.86788,42.71361,40.19828,44.28444,36.11212
2018-08-19,47.31778,51.94456,42.69099,40.00544,44.06649,35.94439
2018-08-18,47.30467,51.91375,42.69559,40.0119,44.06108,35.96272
2018-08-17,47.36814,51.94454,42.79174,39.99181,44.04642,35.93721
2018-08-16,47.43818,52.00612,42.87024,39.92498,43.95216,35.8978
2018-08-15,47.43474,52.0014,42.86808,39.91454,43.94508,35.884
2018-08-14,47.39696,51.97635,42.81757,39.82879,43.89033,35.76725
2018-08-13,47.35593,51.89488,42.81699,39.83783,43.79423,35.88142
2018-08-12,47.39194,51.88234,42.90155,40.006100000000004,44.06385,35.94836
2018-08-11,47.39246,51.88272,42.90219,40.00117,44.06069,35.94165
2018-08-10,47.34887,51.83948,42.85827,40.04662,44.06823,36.02501
2018-08-09,47.21203,51.74551,42.67856,40.05372,44.08188,36.02557
2018-08-08,47.41878,51.88039,42.95718,40.09,44.12787,36.05214
2018-08-07,47.42613,51.86687,42.98539,39.97132,44.01565,35.927
2018-08-06,47.43393,51.87069,42.99717,40.00779,44.04961,35.96597
2018-08-05,47.55233,52.00448,43.10017,40.08578,44.14536,36.02619
2018-08-04,47.54966,51.99789,43.10143,40.07356,44.13397,36.01315
2018-08-03,47.53208,51.97995,43.08421,40.06615,44.12387,36.00843
2018-08-02,47.66333,52.16431,43.162350000000004,39.78497,43.7092,35.86073
2018-08-01,47.65684,52.15482,43.15885,39.79767,43.71934,35.876
2018-07-31,47.51676,52.05291,42.98061,39.7508,43.68732,35.81429
2018-07-30,47.49802,52.03376,42.96227,39.75301,43.69566,35.81037
2018-07-29,47.50089,52.0288,42.97297,39.75898,43.70413,35.81384
2018-07-28,47.50011,52.0245,42.97572,39.76027,43.71062,35.80992
2018-07-27,47.4845,51.90416,43.06485,39.72698,43.65805,35.79591
2018-07-26,47.54413,51.9934,43.09486,39.81251,43.79156,35.83346
2018-07-25,47.63661,52.06102,43.2122,39.86083,43.82201,35.89966
2018-07-24,47.60485,52.02708,43.18262,39.82034,43.78763,35.85304
2018-07-23,47.5472,51.92635,43.16805,39.91171,43.91448,35.90894
2018-07-22,47.48398,51.93199,43.03597,40.00857,44.06918,35.94796
2018-07-21,47.47873,51.92233,43.03514,40.00333,44.05993,35.94674
2018-07-20,47.47865,51.91496,43.04235,39.98936,44.04593,35.9328
2018-07-19,47.50093,51.92836,43.07349,39.96711,44.04183,35.8924
2018-07-18,47.50298,51.93502,43.07093,39.78427,43.85183,35.71672
2018-07-17,47.44537,51.88462,43.00612,39.76511,43.83305,35.69718
2018-07-16,47.44963,51.89267,43.0066,39.75103,43.83281,35.66926
2018-07-15,47.44495,51.89284,42.99706,39.76714,43.83944,35.69485
2018-07-14,47.38539,51.83419,42.93658,39.81599,43.85309,35.77889
2018-07-13,47.38085,51.83177,42.92993,39.82067,43.8532,35.78815
2018-07-12,47.37926,51.84542,42.91311,39.80888,43.84988,35.76787
2018-07-11,47.28852,51.793,42.78403,39.8094,43.88106,35.73775
2018-07-10,47.27541,51.76612,42.7847,39.80585,43.87992,35.73178
2018-07-09,47.25459,51.75397,42.7552,39.81425,43.88815,35.74036
2018-07-08,47.20154,51.71656,42.68652,39.84469,43.9021,35.78729
2018-07-07,47.07055,51.60041,42.54069,39.78559,43.83632,35.73486
2018-07-06,47.08386,51.60384,42.56388,39.78066,43.83595,35.72537
2018-07-05,47.03872,51.56688,42.51056,39.80405,43.85634,35.75176
2018-07-04,47.01743,51.55932,42.47553,39.82418,43.87143,35.77692
2018-07-03,47.05208,51.56647,42.53769,39.77711,43.84439,35.70984
2018-07-02,47.21173,51.81963,42.60382,40.23428,44.3273,36.14127
2018-07-01,47.24374,51.849850000000004,42.63763,40.22647,44.35239,36.10054
2018-06-30,47.21287,51.82846,42.59727,40.2384,44.35629,36.1205
2018-06-29,47.15815,51.79168,42.52462,40.31274,44.43991,36.18557
2018-06-28,47.10217,51.75872,42.44562,40.35971,44.4674,36.25203
2018-06-27,47.09274,51.75222,42.43326,40.36032,44.4679,36.25274
2018-06-26,47.06797,51.73865,42.39728,40.32657,44.44699,36.20615
2018-06-25,47.08527,51.75663,42.41392,40.36627,44.47956,36.25298
2018-06-24,47.04902,51.73301,42.36502,40.37884,44.49022,36.26746
2018-06-23,47.05939,51.73369,42.38508,40.36151,44.47962,36.24339
2018-06-22,47.08899,51.73313,42.44485,40.36047,44.47281,36.24812
2018-06-21,47.08809,51.73952,42.43667,40.36769,44.47559,36.2598
2018-06-20,47.15706,51.7123,42.60182,40.37374,44.46874,36.27875
2018-06-19,47.16434,51.71672,42.61196,40.345,44.42285,36.26715
2018-06-18,46.92882,51.43382,42.42383,40.204,44.34378,36.06422
2018-06-17,46.84512,51.36485,42.32538,39.93852,44.0452,35.83184
2018-06-16,46.83046,51.3515,42.30941,39.92935,44.03614,35.82256
2018-06-15,46.81545,51.34614,42.28477,39.9239,44.03479,35.81301
2018-06-14,46.83357,51.36668,42.30046,39.89617,44.02163,35.7707
2018-06-13,46.82337,51.38597,42.26077,39.85603,44.01265,35.69942
2018-06-12,46.75312,51.34893,42.15731,39.70761,43.84181,35.57341
2018-06-11,46.75534,51.354,42.15667,39.71624,43.84764,35.58483
2018-06-10,46.8406,51.47322,42.20797,39.69089,43.86197,35.5198
2018-06-09,46.81264,51.4494,42.17587,39.69417,43.85982,35.52852
2018-06-08,46.79914,51.43642,42.16186,39.69992,43.85867,35.54118
2018-06-07,46.80874,51.45416,42.16331,39.71898,43.88623,35.55174
2018-06-06,46.69038,51.38218,41.99857,39.77732,44.01136,35.54329
2018-06-05,46.47167,51.23,41.71334,39.75983,44.07817,35.4415
2018-06-04,46.2257,50.96383,41.48757,39.91348,44.25325,35.5737
2018-06-03,46.21475,50.95419,41.47532,39.89201,44.23311,35.55092
2018-06-02,46.21275,50.9515,41.47399,39.89073,44.22675,35.55471
2018-06-01,46.21207,50.94983,41.47432,39.90821,44.23281,35.5836
2018-05-31,46.23293,50.96165,41.5042,39.88438,44.21867,35.5501
2018-05-30,46.10417,50.86359,41.34476,39.83806,44.1899,35.48622
2018-05-29,46.11132,50.85212,41.37053,39.80723,44.16349,35.45097
2018-05-28,46.09618,50.84082,41.35154,39.81301,44.16113,35.46489
2018-05-27,46.08905,50.83543,41.34266,39.81036,44.15398,35.46674
2018-05-26,46.07925,50.8287,41.3298,39.80996,44.14856,35.47137
2018-05-25,46.14129,50.88081,41.40178,39.76337,44.09912,35.42762
2018-05-24,46.12297,50.87761,41.36832,39.77745,44.10492,35.44998
2018-05-23,46.13202,50.88789,41.37615,39.79304,44.11472,35.47136
2018-05-22,46.07117,50.84816,41.29418,39.77067,44.11824,35.4231
2018-05-21,46.04586,50.84092,41.2508,39.7601,44.09922,35.42099
2018-05-20,46.05411,50.85458,41.25364,39.77643,44.12007,35.43279
2018-05-19,46.06415,50.85892,41.26937,39.78471,44.12284,35.44658
2018-05-18,46.10431,50.86804,41.34057,39.73747,44.07092,35.40402
2018-05-17,46.22789,50.95861,41.49717,39.64988,43.97408,35.32568
2018-05-16,46.24611,50.97157,41.52065,39.65336,43.97597,35.33075
2018-05-15,46.26033,50.96389,41.55677,39.62316,43.95172,35.2946
2018-05-14,46.27554,50.965,41.58607,39.6066,43.94401,35.26918
2018-05-13,46.28752,50.97798,41.59706,39.61033,43.94365,35.277
2018-05-12,46.47314,51.09911,41.84717,39.7961,44.06429,35.52792
2018-05-11,46.4877,51.10368,41.87173,39.78112,44.04868,35.51355
2018-05-10,46.50019,51.13237,41.868,39.78874,44.07327,35.50421
2018-05-09,46.50656,51.14074,41.87238,39.78256,44.06725,35.49788
2018-05-08,46.47765,51.10765,41.84765,39.80046,44.07157,35.52935
2018-05-07,46.49361,51.11238,41.87484,39.80471,44.07347,35.53595
2018-05-06,46.50331,51.12349,41.88313,39.80382,44.07006,35.53757
2018-05-05,46.42875,51.0743,41.7832,39.56688,43.81007,35.32369
2018-05-04,46.43562,51.07802,41.79322,39.55251,43.79475,35.31028
2018-05-03,46.44898,51.08417,41.81379,39.54507,43.78496,35.30518
2018-05-02,46.47076,51.10143,41.84008,39.53321,43.77526,35.29116
2018-05-01,46.42495,51.06973,41.78016,39.35315,43.57006,35.13623
2018-04-30,46.31256,51.04544,41.57968,39.401,43.694,35.108
2018-04-29,46.32864,51.05556,41.60172,39.38965,43.68118,35.09812
2018-04-28,46.35317,51.07169,41.63465,39.36635,43.66395,35.06875
2018-04-27,46.36495,51.08158,41.64832,39.35692,43.65432,35.05952
2018-04-26,46.36247,51.08077,41.64417,39.37968,43.65871,35.10065
2018-04-25,46.36671,51.09131,41.64212,39.36832,43.65155,35.08509
2018-04-24,46.37143,51.12352,41.61934,39.44467,43.72932,35.16002
2018-04-23,46.33306,51.09842,41.56771,39.47554,43.75147,35.1996
2018-04-22,46.3475,51.11982,41.57517,39.45456,43.71977,35.18935
2018-04-21,46.3731,51.13258,41.61363,39.44967,43.71074,35.18859
2018-04-20,46.38479,51.13932,41.63026,39.44077,43.69954,35.18201
2018-04-19,46.41095,51.15641,41.66549,39.41296,43.68137,35.14454
2018-04-18,46.40631,51.15928,41.65335,39.42036,43.67988,35.16083
2018-04-17,46.37455,51.12628,41.62283,39.41985,43.67776,35.16193
2018-04-16,46.38543,51.1343,41.63655,39.41116,43.66693,35.15538
2018-04-15,46.38819,51.13607,41.64031,39.40228,43.65635,35.1482
2018-04-14,46.37459,51.13251,41.61668,39.40671,43.65611,35.1573
2018-04-13,46.48195,51.24854,41.71537,39.40103,43.67759,35.12447
2018-04-12,46.49456,51.26351,41.72561,39.38755,43.66737,35.10773
2018-04-11,46.58643,51.44667,41.72618,39.21338,43.47508,34.95168
2018-04-10,46.5461,51.42007,41.67212,39.20788,43.47252,34.94324
2018-04-09,46.72337,51.62417,41.82257,39.0522,43.30186,34.80254
2018-04-08,46.7249,51.62884,41.82095,39.06021,43.3026,34.81781
2018-04-07,46.70015,51.60274,41.79757,39.09188,43.31795,34.86582
2018-04-06,46.70024,51.60123,41.79926,39.0902,43.31296,34.86744
2018-04-05,46.71111,51.60689,41.81532,39.09278,43.30916,34.87641
2018-04-04,46.70033,51.60303,41.79763,39.10566,43.31159,34.89973
2018-04-03,46.68593,51.5844,41.78747,39.11213,43.30856,34.9157
2018-04-02,46.70887,51.63428,41.78346,39.09925,43.30256,34.89594
2018-04-01,46.72857,51.6398,41.81734,39.1049,43.30571,34.90409
2018-03-31,46.7233,51.634,41.8126,39.11862,43.3093,34.92794
2018-03-30,46.70646,51.62552,41.7874,39.12246,43.31451,34.9304
2018-03-29,46.67097,51.6167,41.72524,39.18523,43.35739,35.01307
2018-03-28,46.66772,51.61926,41.71617,39.16816,43.3466,34.98971
2018-03-27,46.67427,51.60734,41.74121,39.18334,43.35529,35.0114
2018-03-26,46.67506,51.61232,41.7378,39.17179,43.34961,34.99398
2018-03-25,46.84126,51.77462,41.90791,39.22664,43.38103,35.07225
2018-03-24,46.85258,51.77856,41.92659,39.22908,43.37581,35.08235
2018-03-23,46.8606,51.78071,41.94049,39.23586,43.37241,35.09931
2018-03-22,46.85246,51.78166,41.92326,39.26216,43.38385,35.14047
2018-03-21,47.09695,52.09459,42.09932,39.15152,43.3179,34.98515
2018-03-20,47.09993,52.11384,42.08603,38.94453,43.07731,34.81175
2018-03-19,47.13425,52.14838,42.12012,38.9003,43.02425,34.77635
2018-03-18,47.1306,52.14238,42.11882,38.903,43.0238,34.7822
2018-03-17,47.155029999999996,52.15099,42.15907,38.89455,43.01457,34.77452
2018-03-16,47.16309,52.15373,42.17245,38.8666,42.99429,34.73891
2018-03-15,47.14837,52.14024,42.15649,38.87471,42.99543,34.75399
2018-03-14,47.03365,52.04222,42.02507,38.89949,43.05367,34.74531
2018-03-13,47.01274,52.0192,42.00629,38.86286,43.02062,34.70509
2018-03-12,47.00048,52.01152,41.98943,38.87954,43.03994,34.71913
2018-03-11,46.98077,52.00034,41.9612,38.92477,43.05949,34.79006
2018-03-10,46.99594,52.00527,41.9866,38.9125,43.04789,34.77712
2018-03-09,47.00069,52.00618,41.99519,38.91505,43.04741,34.78269
2018-03-08,46.91534,51.93919,41.89148,38.87531,43.03333,34.71728
2018-03-07,46.92503,51.94734,41.90271,38.85964,43.02565,34.69364
2018-03-06,46.91282,51.9356,41.89004,38.80971,42.99559,34.62383
2018-03-05,46.78538,51.86689,41.70386,38.7655,42.98043,34.55056
2018-03-04,46.79808,51.89559,41.70058,38.72456,42.94746,34.50165
2018-03-03,46.7919,51.88952,41.69429,38.72554,42.94532,34.50576
2018-03-02,46.78574,51.88432,41.68716,38.7306,42.94479,34.51641
2018-03-01,46.79082,51.89021,41.69144,38.74345,42.94979,34.53711
2018-02-28,46.79723,51.89914,41.69532,38.77857,42.97525,34.58188
2018-02-27,46.81314,51.89689,41.72939,38.75236,42.9492,34.55552
2018-02-26,46.82825,51.90304,41.75346,38.74363,42.94245,34.54481
2018-02-25,46.83357,51.90569,41.76145,38.74041,42.938,34.54282
2018-02-24,46.83595,51.95789,41.71401,39.0286,43.13103,34.92617
2018-02-23,46.64828,51.6775,41.61906,39.13171,43.27573,34.98768
2018-02-22,46.84313,51.86729,41.81897,39.20059,43.38561,35.01557
2018-02-21,46.90672,51.95732,41.85612,39.20171,43.40482,34.9986
2018-02-20,47.06588,52.10902,42.02274,39.29988,43.52615,35.07361
2018-02-19,47.2402,52.1674,42.313,39.49736,43.75471,35.24001
2018-02-18,47.25168,52.17363,42.32973,39.48896,43.74266,35.23525
2018-02-17,47.26066,52.17825,42.34308,39.48278,43.73254,35.23303
2018-02-16,47.26269,52.17995,42.34543,39.46323,43.71388,35.21258
2018-02-15,47.26955,52.18425,42.35486,39.44693,43.69771,35.19615
2018-02-14,47.28751,52.19888,42.37614,39.42395,43.68413,35.16377
2018-02-13,47.42559,52.43351,42.41766,39.4793,43.77264,35.18596
2018-02-12,47.48478,52.45538,42.51419,39.46428,43.7635,35.16506
2018-02-11,47.47816,52.46553,42.4908,39.41037,43.71265,35.10809
2018-02-10,47.48069,52.46711,42.49426,39.41068,43.70792,35.11343
2018-02-09,47.47443,52.47606,42.4728,39.40509,43.70111,35.10907
2018-02-08,47.50582,52.49343,42.51822,39.37261,43.67548,35.06974
2018-02-07,47.48244,52.54284,42.42205,39.30711,43.64137,34.97286
2018-02-06,47.46634,52.53044,42.40224,39.26204,43.61008,34.914
2018-02-05,47.51415,52.59759,42.43072,39.18943,43.55932,34.81954
2018-02-04,47.53385,52.60375,42.46394,39.18093,43.55308,34.80878
2018-02-03,47.50747,52.5946,42.42035,39.1833,43.54673,34.81987
2018-02-02,47.597,52.73781,42.45619,39.08243,43.46571,34.69915
2018-02-01,47.63219,52.75559,42.5088,39.06191,43.44957,34.67425
2018-01-31,47.69401,52.83233,42.55569,39.06176,43.46323,34.66029
2018-01-30,47.78317,52.97161,42.59473,38.64938,42.90512,34.39365
2018-01-29,47.78609,52.97134,42.60085,38.62793,42.89108,34.36478
2018-01-28,47.79697,52.97546,42.61848,38.63324,42.88751,34.37897
2018-01-27,47.79525,52.97779,42.61271,38.63848,42.89066,34.38629
2018-01-26,47.79052,52.97801,42.60303,38.62988,42.88634,34.37341
2018-01-25,47.92202,53.11478,42.72927,38.71304,42.98888,34.4372
2018-01-24,47.92277,53.11767,42.72787,38.71713,42.99088,34.44338
2018-01-23,48.24182,53.4546,43.02905,38.74224,43.10742,34.37707
2018-01-22,48.24507,53.45753,43.0326,38.72936,43.10009,34.35863
2018-01-21,48.25585,53.4581,43.0536,38.73229,43.10162,34.36296
2018-01-20,48.273,53.4641,43.08189,38.73733,43.10747,34.36718
2018-01-19,48.28159,53.46718,43.09599,38.72799,43.10181,34.35418
2018-01-18,48.15435,53.33796,42.97074,38.48107,42.7937,34.16843
2018-01-17,48.15833,53.37236,42.94429,38.34714,42.60606,34.08822
2018-01-16,48.26394,53.46268,43.0652,38.22751,42.53405,33.92097
2018-01-15,48.03065,53.19923,42.86207,38.25537,42.62368,33.88706
2018-01-14,48.03152,53.19559,42.86745,38.26104,42.62431,33.89777
2018-01-13,48.05683,53.20351,42.91016,38.25809,42.61977,33.89641
2018-01-12,48.06543,53.21025,42.9206,38.21721,42.59898,33.83543
2018-01-11,48.33924,53.57701,43.10148,38.14741,42.56687,33.72794
2018-01-10,48.6255,53.94164,43.30936,37.89214,42.34709,33.4372
2018-01-09,48.55241,53.85519,43.24963,37.94481,42.41383,33.47578
2018-01-08,48.51591,53.82587,43.20596,37.95904,42.41975,33.49832
2018-01-07,48.51248,53.82057,43.2044,37.97083,42.431,33.51065
2018-01-06,48.49473,53.80849,43.18097,37.96519,42.43136,33.49902
2018-01-05,48.49417,53.80641,43.18194,37.97926,42.4444,33.51413
2018-01-04,48.48629,53.7977,43.17488,37.98395,42.44541,33.5225
2018-01-03,48.50164,53.79958,43.2037,37.97363,42.44307,33.50418
2018-01-02,48.51877,53.79361,43.24394,37.96014,42.42159,33.49869
2018-01-01,48.50778,53.78231,43.23325,37.96498,42.42746,33.50249
2017-12-31,48.51574,53.78023,43.25126,37.94475,42.41711,33.47239
2017-12-30,48.50792,53.7691,43.24673,37.95273,42.4194,33.48605
2017-12-29,48.4839,53.74714,43.22066,37.94307,42.41747,33.46867
2017-12-28,48.47293,53.73378,43.21209,37.94341,42.42021,33.46662
2017-12-27,48.46405,53.72536,43.20273,37.96007,42.42842,33.49172
2017-12-26,48.4292,53.69926,43.15915,37.94717,42.41217,33.48216
2017-12-25,48.40578,53.67636,43.13519,37.96045,42.41489,33.506
2017-12-24,48.40422,53.66946,43.13898,37.96964,42.41867,33.5206
2017-12-23,48.40252,53.66295,43.1421,37.98666,42.42172,33.55159
2017-12-22,48.3737,53.63493,43.11246,38.00539,42.4268,33.58397
2017-12-21,48.35318,53.61423,43.09214,38.00803,42.42909,33.58698
2017-12-20,48.32661,53.59135,43.06188,38.00767,42.43534,33.57999
2017-12-19,48.26616,53.547110000000004,42.98521,38.01693,42.43037,33.60348
2017-12-18,48.18371,53.48435,42.88306,37.99016,42.38146,33.59886
2017-12-17,47.82648,53.0069,42.64605,38.10561,42.58094,33.63028
2017-12-16,47.82225,53.06399,42.58052,38.15981,42.65195,33.66767
2017-12-15,47.73533,52.98689,42.48377,38.20153,42.73064,33.67243
2017-12-14,47.73382,52.98552,42.48212,38.19808,42.73386,33.6623
2017-12-13,47.73129,52.98346,42.47913,38.21791,42.7457,33.69011
2017-12-12,47.26692,52.53597,41.99787,38.24041,42.84674,33.63407
2017-12-11,47.35574,52.6347,42.07677,38.27531,42.91571,33.63491
2017-12-10,47.36322,52.63396,42.09249,38.286,42.91858,33.65342
2017-12-09,47.34858,52.6202,42.07696,38.30655,42.92607,33.68702
2017-12-08,47.34711,52.61848,42.07574,38.31927,42.93498,33.70356
2017-12-07,47.07638,52.36336,41.78941,38.41838,43.07991,33.75685
2017-12-06,47.0742,52.3625,41.78589,38.44319,43.09817,33.78822
2017-12-05,47.06554,52.35154,41.77953,38.41041,43.0744,33.74643
2017-12-04,47.04211,52.34644,41.73779,38.5934,43.29017,33.89662
2017-12-03,47.10354,52.38217,41.82491,38.55193,43.26062,33.84323
2017-12-02,47.10472,52.378660000000004,41.83079,38.55525,43.25871,33.85178
2017-12-01,47.11381,52.38031,41.84731,38.53508,43.24498,33.82519
2017-11-30,47.09934,52.37005,41.82863,38.54681,43.24779,33.84583
2017-11-29,47.11184,52.37644,41.84724,38.57858,43.26678,33.89039
2017-11-28,47.13632,52.38482,41.88782,38.56044,43.25391,33.86697
2017-11-27,47.14301,52.38539,41.90064,38.54377,43.24237,33.84516
2017-11-26,47.13607,52.37926,41.89288,38.56412,43.25162,33.87661
2017-11-25,47.18037,52.40303,41.95771,38.56549,43.26309,33.86788
2017-11-24,47.18218,52.39983,41.96452,38.55476,43.25795,33.85158
2017-11-23,47.17586,52.3924,41.95932,38.57326,43.26316,33.88336
2017-11-22,47.17408,52.39082,41.95733,38.58498,43.26979,33.90018
2017-11-21,47.17062,52.38332,41.95792,38.61324,43.28146,33.94501
2017-11-20,47.17544,52.38531,41.96556,38.62109,43.28591,33.95626
2017-11-19,47.15591,52.37456,41.93726,38.6763,43.32513,34.02747
2017-11-18,47.15933,52.37178,41.94688,38.67415,43.32076,34.02755
2017-11-17,47.16165,52.36875,41.95455,38.67667,43.31924,34.03409
2017-11-16,47.15925,52.36684,41.95166,38.66628,43.31376,34.0188
2017-11-15,47.48954,52.71545,42.26364,38.51366,43.20068,33.82664
2017-11-14,47.43468,52.6937,42.17566,38.54471,43.26679,33.82263
2017-11-13,47.32821,52.57442,42.08199,38.60668,43.37799,33.83537
2017-11-12,47.25145,52.52847,41.97442,38.47592,43.27149,33.68035
2017-11-11,47.20798,52.49606,41.91991,38.52604,43.30758,33.7445
2017-11-10,47.17521,52.47151,41.8789,38.54235,43.31541,33.76928
2017-11-09,46.80654,52.07974,41.53333,38.74792,43.55929,33.93655
2017-11-08,46.80564,52.07819,41.53308,38.73701,43.55157,33.92244
2017-11-07,46.8177,52.07623,41.55916,38.76471,43.5656,33.96383
2017-11-06,46.89322,52.11478,41.67165,38.73233,43.54984,33.91481
2017-11-05,46.83163,52.04348,41.61978,38.72309,43.56947,33.87672
2017-11-04,46.83632,52.04517,41.62747,38.73275,43.56881,33.89669
2017-11-03,46.84146,52.04942,41.63351,38.72364,43.56184,33.88544
2017-11-02,46.78245,51.99765,41.56725,38.74829,43.56865,33.92793
2017-11-01,46.76716,52.03176,41.50255,38.28885,42.95543,33.62227
2017-10-31,46.77709,52.02508,41.5291,38.23504,42.92167,33.54842
2017-10-30,47.02097,52.3648,41.67715,38.34804,43.12712,33.56897
2017-10-29,46.9198,52.27181,41.56779,38.27192,43.06376,33.48008
2017-10-28,46.96006,52.28592,41.63421,38.25982,43.0563,33.46333
2017-10-27,46.97791,52.29454,41.66127,38.24512,43.05364,33.4366
2017-10-26,46.94408,52.30629,41.58187,38.18012,42.99813,33.36211
2017-10-25,46.93014,52.29691,41.56336,38.19822,43.00829,33.38815
2017-10-24,46.56717,51.94067,41.19366,38.77254,43.5935,33.95158
2017-10-23,46.56252,51.94215,41.18288,38.83587,43.64333,34.02842
2017-10-22,46.57105,51.94523,41.19688,38.84957,43.64592,34.05321
2017-10-21,46.60044,51.9577,41.24318,38.85003,43.64211,34.05796
2017-10-20,46.63967,51.97774,41.30161,38.85396,43.64043,34.06748
2017-10-19,46.63409,51.97115,41.29704,38.87792,43.6472,34.10864
2017-10-18,46.63668,51.97259,41.30078,38.88698,43.65058,34.12338
2017-10-17,46.64377,51.97685,41.3107,38.88166,43.64624,34.11707
2017-10-16,46.62217,51.96391,41.28043,38.92997,43.6897,34.17025
2017-10-15,46.19064,51.38298,40.9983,39.13071,43.94513,34.31629
2017-10-14,46.3392,51.51562,41.16278,39.01608,43.81232,34.21985
2017-10-13,46.3652,51.5282,41.2022,39.01051,43.80504,34.21597
2017-10-12,46.40121,51.61802,41.18441,38.99185,43.7952,34.1885
2017-10-11,46.42175,51.63134,41.21216,38.998779999999996,43.79674,34.20082
2017-10-10,46.39591,51.61987,41.17196,38.83503,43.64021,34.02986
2017-10-09,46.39727,51.61953,41.17501,38.86452,43.67082,34.05823
2017-10-08,46.41228,51.62636,41.19821,38.87548,43.67103,34.07993
2017-10-07,46.44252,51.64221,41.24284,38.87248,43.66497,34.07999
2017-10-06,46.34767,51.57264,41.1227,38.57064,43.29685,33.84444
2017-10-05,46.34592,51.56912,41.12273,38.59029,43.30329,33.87729
2017-10-04,46.35923,51.5797,41.13877,38.5905,43.30353,33.87746
2017-10-03,46.38909,51.58646,41.19171,38.65017,43.33115,33.96919
2017-10-02,46.38895,51.58885,41.18906,38.6601,43.3365,33.9837
2017-10-01,46.41552,51.60019,41.23084,38.62055,43.30402,33.93708
2017-09-30,46.40821,51.59589,41.22054,38.652589999999996,43.31805,33.98713
2017-09-29,46.40648,51.59544,41.21751,38.67527,43.32933,34.02122
2017-09-28,46.42302,51.60343,41.2426,38.65917,43.31598,34.00237
2017-09-27,46.46949,51.62942,41.30957,38.63993,43.30518,33.97467
2017-09-26,46.69638,51.92587,41.4669,38.70516,43.42393,33.98639
2017-09-25,46.72461,51.97983,41.46938,38.76467,43.52918,34.00016
2017-09-24,46.75194,51.997,41.50688,38.73804,43.51527,33.96082
2017-09-23,46.75985,51.99945,41.52025,38.74265,43.51291,33.97239
2017-09-22,46.73614,51.97734,41.49494,38.77669,43.52332,34.03005
2017-09-21,46.71883,51.96546,41.47221,38.78325,43.52457,34.04193
2017-09-20,46.61685,51.9107,41.323,38.46859,43.17279,33.76439
2017-09-19,46.68517,51.94691,41.42342,38.4682,43.17275,33.76365
2017-09-18,46.59982,51.93324,41.26639,38.23755,42.92705,33.54806
2017-09-17,46.57343,51.91058,41.23627,38.26887,42.9539,33.58385
2017-09-16,46.6045,51.93158,41.27743,38.27292,42.95398,33.59186
2017-09-15,46.59354,51.91775,41.26933,38.27617,42.95401,33.59833
2017-09-14,46.58435,51.90635,41.26236,38.30017,42.96391,33.63644
2017-09-13,46.56833,51.89355,41.2431,38.3179,42.9759,33.6599
2017-09-12,46.5742,51.89293,41.25548,38.44426,43.03988,33.84865
2017-09-11,46.60566,51.91756,41.29377,38.49796,43.08304,33.91287
2017-09-10,46.60268,51.91468,41.29067,38.52552,43.09875,33.95229
2017-09-09,46.62088,51.92263,41.31914,38.52408,43.09404,33.95412
2017-09-08,46.63966,51.93118,41.34815,38.52381,43.09124,33.95638
2017-09-07,46.64492,51.93316,41.35669,38.52722,43.09132,33.96311
2017-09-06,46.68554,51.95573,41.41535,38.49465,43.06807,33.92122
2017-09-05,46.73388,51.97844,41.48932,38.54284,43.09393,33.99176
2017-09-04,46.7389,51.98209,41.49572,38.5479,43.099850000000004,33.99596
2017-09-03,46.73098,51.97575,41.4862,38.52496,43.08425,33.96566
2017-09-02,46.71576,51.9654,41.46611,38.52457,43.07973,33.96942
2017-09-01,46.72109,51.97032,41.47186,38.52526,43.07941,33.9711
2017-08-31,46.74677,51.98302,41.51053,38.51167,43.06953,33.95381
2017-08-30,46.7883,52.00098,41.57563,38.49239,43.06059,33.92419
2017-08-29,46.8252,52.01875,41.63166,38.57202,43.09642,34.04762
2017-08-28,46.93942,52.13409,41.74475,38.40829,42.90355,33.91303
2017-08-27,46.93109,52.12452,41.73765,38.42961,42.90926,33.94997
2017-08-26,46.93081,52.12064,41.74098,38.43272,42.90914,33.95629
2017-08-25,46.91161,52.10778,41.71544,38.43987,42.91093,33.96881
2017-08-24,46.91761,52.10757,41.72765,38.44606,42.91169,33.98043
2017-08-23,46.91053,52.1044,41.71666,38.45145,42.91829,33.98462
2017-08-22,46.96451,52.15364,41.77538,38.55369,43.03396,34.07342
2017-08-21,46.94901,52.14369,41.75433,38.80647,43.27293,34.34001
2017-08-20,46.94981,52.1464,41.75321,38.82054,43.28262,34.35846
2017-08-19,46.99599,52.17538,41.81659,38.85271,43.31557,34.38986
2017-08-18,47.0373,52.19983,41.87476,38.86123,43.3185,34.40396
2017-08-17,47.11431,52.34564,41.88298,38.78311,43.2954,34.27081
2017-08-16,47.10002,52.33723,41.8628,38.82664,43.30951,34.34378
2017-08-15,47.11177,52.38573,41.83781,38.78865,43.2758,34.30151
2017-08-14,47.14596,52.41007,41.88185,38.81948,43.29615,34.34281
2017-08-13,47.15102,52.40903,41.89301,38.83564,43.29934,34.37193
2017-08-12,47.20079,52.53672,41.86485,38.62895,43.15083,34.10707
2017-08-11,47.20463,52.53545,41.87381,38.62088,43.14485,34.09691
2017-08-10,47.23029,52.55017,41.9104,38.62631,43.14525,34.10736
2017-08-09,47.23614,52.55452,41.91775,38.63617,43.15255,34.1198
2017-08-08,47.23901,52.54886,41.92915,38.6642,43.16629,34.16212
2017-08-07,47.23803,52.5466,41.92945,38.6648,43.17095,34.15865
2017-08-06,46.83884,52.13636,41.54131,38.41124,42.89325,33.92923
2017-08-05,46.81365,52.11806,41.50923,38.43772,42.90561,33.96982
2017-08-04,46.81446,52.11631,41.51262,38.42327,42.89508,33.95147
2017-08-03,46.84026,52.1278,41.55271,38.42025,42.8963,33.94419
2017-08-02,46.87876,52.14685,41.61066,38.40768,42.89268,33.92268
2017-08-01,46.69923,51.89852,41.49994,38.51077,43.02375,33.99779
2017-07-31,46.82244,52.08001,41.56488,38.43682,43.02417,33.84947
2017-07-30,46.82657,52.08431,41.56883,38.46989,43.04614,33.89364
2017-07-29,46.82519,52.08408,41.5663,38.54149,43.10538,33.9776
2017-07-28,46.7667,52.04457,41.48882,38.63885,43.15757,34.12013
2017-07-27,46.78214,52.05686,41.50741,38.63931,43.15968,34.11894
2017-07-26,46.74053,52.02911,41.45195,38.66378,43.17543,34.15213
2017-07-25,46.77657,52.05521,41.49792,38.70665,43.19991,34.21338
2017-07-24,46.85537,52.12972,41.58102,38.6943,43.1917,34.1969
2017-07-23,46.8766,52.13661,41.6166,38.67142,43.1769,34.16595
2017-07-22,46.90601,52.1483,41.66372,38.69889,43.18814,34.20964
2017-07-21,46.94849,52.16507,41.73191,38.72415,43.20005,34.24825
2017-07-20,46.96715,52.17203,41.76227,38.72298,43.19661,34.24936
2017-07-19,47.0233,52.20221,41.84439,38.70926,43.19131,34.22721
2017-07-18,47.04633,52.22007,41.87259,38.74165,43.2132,34.2701
2017-07-17,46.88561,52.06723,41.70399,38.69371,43.19533,34.19209
2017-07-16,46.8964,52.0726,41.7202,38.66561,43.18205,34.14916
2017-07-15,46.9339,52.09887,41.76892,38.64195,43.16032,34.12358
2017-07-14,46.93778,52.10094,41.77463,38.65548,43.16961,34.14135
2017-07-13,46.34658,51.39497,41.29819,38.76704,43.35016,34.18392
2017-07-12,46.39123,51.42305,41.35941,38.76581,43.35435,34.17727
2017-07-11,46.44035,51.45284,41.42787,38.89559,43.42924,34.36194
2017-07-10,46.45364,51.46198,41.4453,38.91554,43.44055,34.39053
2017-07-09,46.46951,51.47293,41.46608,38.92398,43.43924,34.40873
2017-07-08,46.48843,51.4834,41.49345,38.92237,43.43705,34.4077
2017-07-07,46.48034,51.47476,41.48591,38.94911,43.4486,34.44962
2017-07-06,46.47581,51.47211,41.47952,38.96325,43.45966,34.46684
2017-07-05,46.4577,51.45959,41.45581,38.95946,43.4593,34.45963
2017-07-04,46.55212,51.50146,41.60279,38.97547,43.46677,34.48417
2017-07-03,46.53236,51.4883,41.57643,38.96517,43.45864,34.4717
2017-07-02,46.53063,51.48792,41.57335,38.96311,43.45986,34.46637
2017-07-01,46.57553,51.50946,41.64161,38.94341,43.45297,34.433839999999996
2017-06-30,46.59903,51.51972,41.67834,38.92469,43.4427,34.40668
2017-06-29,46.59264,51.51286,41.67242,38.94157,43.44794,34.4352
2017-06-28,46.59091,51.51206,41.66976,38.9292,43.44567,34.41273
2017-06-27,46.47245,51.43111,41.51378,38.55878,43.17474,33.94283
2017-06-26,46.44912,51.41289,41.48536,38.60893,43.19349,34.02437
2017-06-25,46.22076,51.22771,41.21382,38.62662,43.26382,33.98941
2017-06-24,46.28519,51.27161,41.29877,38.60323,43.23645,33.97
2017-06-23,46.30859,51.28571,41.33146,38.61768,43.24247,33.99288
2017-06-22,46.30865,51.28276,41.33453,38.62903,43.2472,34.01086
2017-06-21,46.35471,51.31985,41.38958,38.60004,43.23613,33.96395
2017-06-20,46.07865,50.98872,41.16858,38.36554,43.03655,33.69452
2017-06-19,46.04686,50.96196,41.13176,38.46207,43.10736,33.81678
2017-06-18,46.02514,50.94022,41.11006,38.51381,43.13344,33.89419
2017-06-17,45.98077,50.90052,41.06101,38.59926,43.18336,34.01517
2017-06-16,45.95294,50.87628,41.02959,38.58621,43.17272,33.9997
2017-06-15,45.95395,50.87438,41.03351,38.63037,43.20243,34.05831
2017-06-14,45.96902,50.886,41.05204,38.57899,43.16898,33.989
2017-06-13,46.09895,50.96941,41.22848,38.54833,43.14462,33.95203
2017-06-12,46.12861,50.99524,41.26199,38.51061,43.12817,33.89305
2017-06-11,45.88453,50.72836,41.0407,38.44344,43.08914,33.79773
2017-06-10,45.85941,50.70354,41.01529,38.44493,43.08997,33.79988
2017-06-09,45.82113,50.66782,40.97443,38.47421,43.10142,33.847
2017-06-08,45.8086,50.65315,40.96405,38.51409,43.12111,33.90708
2017-06-07,45.80342,50.64922,40.95763,38.5397,43.13882,33.94057
2017-06-06,45.43636,50.22696,40.64576,38.35842,42.99516,33.72168
2017-06-05,44.92675,49.68017,40.17333,38.2037,42.87608,33.53133
2017-06-04,44.87888,49.64568,40.11208,38.29945,42.95061,33.64829
2017-06-03,44.88162,49.65029,40.11295,38.27157,42.9358,33.60734
2017-06-02,44.83812,49.60198,40.07425,38.33481,42.96725,33.70237
2017-06-01,44.87814,49.63381,40.12247,38.37668,43.00055,33.75282
2017-05-31,44.84825,49.60562,40.09087,38.25547,42.86225,33.64868
2017-05-30,44.92205,49.63709,40.20701,38.34029,42.90996,33.77063
2017-05-29,44.97048,49.67276,40.2682,38.41693,42.96956,33.86431
2017-05-28,45.197,49.85028,40.54372,38.3661,42.92851,33.8037
2017-05-27,45.20474,49.85944,40.55003,38.51439,43.05019,33.97859
2017-05-26,45.49081,50.10275,40.87888,38.51482,43.05721,33.97243
2017-05-25,45.66988,50.26228,41.07747,38.65286,43.17802,34.1277
2017-05-24,45.77988,50.37152,41.18823,38.79729,43.31594,34.27863
2017-05-23,46.15731,50.69243,41.62218,39.02171,43.51822,34.52519
2017-05-22,46.19627,50.68869,41.70385,39.08649,43.55092,34.62206
2017-05-21,46.19459,50.68569,41.70348,39.09417,43.55764,34.6307
2017-05-20,46.19334,50.68322,41.70345,39.09966,43.56225,34.63707
2017-05-19,46.19197,50.68055,41.70339,39.10622,43.56778,34.64466
2017-05-18,46.18844,50.67569,41.7012,39.11496,43.5756,34.65432
2017-05-17,46.18415,50.67019,41.69811,39.1219,43.58182,34.66198
2017-05-16,46.21792,50.6617,41.77414,39.26698,43.67926,34.85469
2017-05-15,46.21133,50.65397,41.76869,39.27381,43.68535,34.86227
2017-05-14,46.05616,50.48539,41.62694,39.55384,43.94947,35.1582
2017-05-13,46.05013,50.47826,41.62199,39.55898,43.95385,35.16412
2017-05-12,46.04566,50.47247,41.61885,39.56344,43.95728,35.16961
2017-05-11,46.04636,50.44292,41.6498,39.63644,44.01144,35.26144
2017-05-10,46.04175,50.43749,41.64602,39.64114,44.01549,35.26678
2017-05-09,44.83015,49.21066,40.44965,40.0264,44.4069,35.6459
2017-05-08,44.83309,49.2128,40.45338,40.02834,44.40805,35.64864
2017-05-07,44.83643,49.2152,40.45766,40.03039,44.40916,35.65162
2017-05-06,44.8392,49.20264,40.47575,40.21222,44.57567,35.84877
2017-05-05,44.84174,49.20445,40.47903,40.21287,44.57558,35.85015
2017-05-04,44.84414,49.20617,40.4821,40.21423,44.57627,35.85219
2017-05-03,44.84615,49.2077,40.48459,40.2158,44.57736,35.85424
2017-05-02,44.97794,49.33789,40.61798,40.26557,44.62552,35.90561
2017-05-01,44.97901,49.33839,40.61963,40.26677,44.62615,35.90739
2017-04-30,44.99852,49.34116,40.65588,40.2748,44.61744,35.93215
2017-04-29,44.99945,49.34175,40.65715,40.27623,44.61853,35.93393
2017-04-28,45.00018,49.34208,40.65827,40.27708,44.61898,35.93518
2017-04-27,45.00109,49.34268,40.6595,40.2783,44.61988,35.93671
2017-04-26,45.00207,49.3433,40.66084,40.27968,44.62091,35.93845
2017-04-25,44.21138,48.65942,39.76335,40.03537,44.4834,35.58733
2017-04-24,44.31274,48.76897,39.85652,39.76336,44.21959,35.30714
2017-04-23,44.31416,48.76996,39.85835,39.76566,44.22146,35.30986
2017-04-22,44.31649,48.77196,39.86101,39.7694,44.22487,35.31392
2017-04-21,44.31843,48.77344,39.86341,39.77268,44.2277,35.31767
2017-04-20,43.40546,47.97594,38.83498,38.83375,43.40423,34.26327
2017-04-19,43.41034,47.9803,38.84039,38.84026,43.41022,34.27031
2017-04-18,43.74052,48.35062,39.13042,39.58223,44.19233,34.97213
2017-04-17,43.74553,48.35508,39.13599,39.58794,44.19749,34.9784
2017-04-16,43.74965,48.35876,39.14054,39.59254,44.20165,34.98343
2017-04-15,43.94449,48.5555,39.33347,39.54969,44.16071,34.93867
2020-11-02,49.869617,53.723274,46.015959,42.613349,46.030643,39.196055
2020-11-01,49.643865,53.516437,45.771293,42.052662,45.525161,38.580162
2020-10-31,49.872735,53.778734,45.966736,41.907671,45.426248,38.389093
2020-10-30,49.846843,53.747788,45.945899,41.901984,45.419882,38.384086
2020-10-29,49.794022,53.627828,45.960216,41.729253,45.201828,38.256677
2020-10-28,50.124065,54.061866,46.186264,41.996759,45.513093,38.480425
2020-10-27,49.591529,53.470103,45.712955,42.344553,45.997563,38.691543
2020-10-26,49.552002,53.423975,45.680028,42.314169,45.963405,38.664933
2020-10-25,49.163336,52.872356,45.454316,42.201052,45.828653,38.57345
2020-10-24,49.147625,52.853646,45.441604,42.182087,45.805427,38.558748
2020-10-23,49.374337,53.008151,45.740523,42.326281,45.951334,38.701228
2020-10-22,49.35306,53.059577,45.646543,41.992761,45.68837,38.297151
2020-10-21,49.279969,53.003677,45.556261,41.942279,45.631361,38.253198
2020-10-20,49.216041,52.938991,45.493091,41.786048,45.460645,38.111452
2020-10-19,49.056587,52.799927,45.313246,41.829172,45.50655,38.151793
2020-10-18,48.957739,52.661581,45.253897,41.816689,45.452634,38.180743
2020-10-17,48.954069,52.659132,45.249006,41.826812,45.464229,38.189396
2020-10-16,48.927688,52.616928,45.238448,41.851316,45.498976999999996,38.203655
2020-10-15,48.920457999999996,52.606495,45.234421,41.868716,45.516021,38.221411
2020-10-14,49.293337,53.008865,45.57781,42.45376,46.013883,38.893638
2020-10-13,49.289638,53.010536,45.56874,42.451027,45.993337,38.908717
2020-10-12,49.358557,53.105379,45.611735,42.751875,46.267547,39.236204
2020-10-11,49.337254,53.075701,45.598808,42.754806,46.280672,39.22894
2020-10-10,49.324225,53.060675,45.587776,42.768394,46.29789,39.238899
2020-10-09,49.300891,53.027977,45.573805,42.762201,46.299621,39.224782
2020-10-08,49.293759,53.020285,45.567232,42.75487,46.300534,39.209205
2020-10-07,49.237111,52.936357,45.537865,42.7253,46.246596,39.204004
2020-10-06,49.233806,52.933647,45.533965,42.71677,46.243785,39.189755
2020-10-05,49.219794,52.919064,45.520524,42.70496,46.238483,39.171438
2020-10-04,49.017075,52.859585,45.174565,42.759551,46.453287,39.065814
2020-10-03,48.922922,52.759285,45.086559,42.865012,46.550628,39.179397
2020-10-02,49.146249,52.928105,45.364392,42.84763,46.540024,39.155237
2020-10-01,49.129209,52.909519,45.3489,42.823329,46.525119,39.121538
2020-09-30,48.771925,52.270411,45.273438,42.715919,46.439557,38.992281
2020-09-29,48.787568,52.268795,45.306341,42.661144,46.367804,38.954485
2020-09-28,48.777196000000004,52.26306,45.291333,42.645213,46.363016,38.927409
2020-09-27,48.77938,52.355628,45.203132,42.400064,46.101573,38.698555
2020-09-26,48.763732,52.341956,45.185508,42.392654,46.109798,38.675511
2020-09-25,48.76016,52.344337,45.175983,42.368094,46.087906,38.648281
2020-09-24,48.753661,52.343246,45.164077,42.349459,46.075582,38.623336
2020-09-23,48.721664,52.314765,45.128563,42.371548,46.100425,38.642671
2020-09-22,48.656561,52.233579,45.079543,42.341781,46.098791,38.584771
2020-09-21,48.542476,52.116967,44.967985,42.167232,45.966753,38.367711
2020-09-20,48.433902,52.054211,44.813593,42.142497,46.020179,38.264816
2020-09-19,48.374258,52.082561,44.665956,42.290144,46.275704,38.304584
2020-09-18,48.387304,52.101944,44.672663,42.250991,46.227521,38.274461
2020-09-17,48.566678,52.262862,44.870495,42.206511,46.24082,38.172203
2020-09-16,48.570708,52.273975,44.867441,42.168782,46.191527,38.146037
2020-09-15,48.602857,52.297289,44.908426,42.105197,46.117141,38.093252
2020-09-14,48.601372,52.291168,44.911577,42.076779,46.073418,38.080139
2020-09-13,48.615449,52.319832,44.911065,42.041262,46.025042,38.057481
2020-09-12,48.606644,52.311781,44.901507,42.016824,45.995894,38.037754
2020-09-11,48.573109,52.260819,44.8854,42.125638,46.079593,38.171683
2020-09-10,48.508769,52.209868,44.80767,41.952299,45.860218,38.044381
2020-09-09,48.639003,52.441095,44.836911,41.458666,45.301793,37.615539
2020-09-08,48.659821,52.446971,44.872672,41.417875,45.272298,37.563453
2020-09-07,48.653446,52.433524,44.873368,41.4105,45.256599,37.564401
2020-09-06,48.644031,52.417294,44.870769,41.40405,45.245124,37.562975
2020-09-05,48.673049,52.453297,44.8928,41.372076,45.179998,37.564154
2020-09-04,48.67716,52.458767,44.895552,41.349757,45.143639,37.555874
2020-09-03,48.673652,52.457861,44.889442,41.341277,45.135393,37.547162
2020-09-02,48.684741,52.482998,44.886483,41.315908,45.100302,37.531514
2020-09-01,48.524677,52.223493,44.825861,41.189758,45.156514,37.223003
2020-08-31,48.558142,52.291468,44.824817,41.165857,45.123361,37.208353
2020-08-30,48.567654,52.315806,44.819501,41.156039,45.112199,37.19988
2020-08-29,48.535041,52.255399,44.814684,41.181087,45.147934,37.21424
2020-08-28,48.504479,52.182848,44.826111,41.234603,45.180641,37.288565
2020-08-27,48.285505,51.935484,44.635525,41.050488,45.004234,37.096741
2020-08-26,48.313623,51.994541,44.632705,40.890335,44.747758,37.032912
2020-08-25,48.385732,52.083784,44.68768,40.943746,44.812669,37.074822
2020-08-24,48.345099,52.003121,44.687077,40.95653,44.800656,37.112404
2020-08-23,48.351133,52.014035,44.688231,40.955735,44.799404,37.112066
2020-08-22,48.356027,52.023417,44.688637,40.955208,44.798659,37.111757
2020-08-21,48.357776,52.028893,44.686658,40.960206,44.803277,37.117136
2020-08-20,48.360214,52.035608,44.68482,40.963756,44.806516,37.120997
2020-08-19,48.54058,52.255327,44.825833,41.181013,45.000691,37.361335
2020-08-18,48.525074,52.236832,44.813317,41.239123,45.038978,37.439268
2020-08-17,48.52678,52.244391,44.809168,41.233845,45.033301,37.434389
2020-08-16,48.515427,52.216156,44.814699,41.29224,45.059547,37.524932
2020-08-15,48.746124,52.479632,45.012616,41.280376,45.097494,37.463258
2020-08-14,48.744629,52.482395,45.006864,41.27248,45.088145,37.456816
2020-08-13,48.513222,52.373555,44.652889,40.87273,44.731667,37.013793
2020-08-12,48.517509,52.382371,44.652647,40.870825,44.728524,37.013126
2020-08-11,48.500023,52.335757,44.664289,40.890414,44.721818,37.059009
2020-08-10,48.507939,52.348233,44.667646,40.886481,44.717511,37.055451
2020-08-09,48.164466,52.063519,44.265414,40.43358,44.244488,36.622672
2020-08-08,48.178858,52.081554,44.276163,40.438891,44.250527,36.627256
2020-08-07,48.19194,52.098056,44.285824,40.443875,44.256528,36.631221
2020-08-06,48.207078,52.122941,44.291214,40.447426,44.265288,36.629565
2020-08-05,48.219029,52.137488,44.300569,40.452426,44.27047,36.634382
2020-08-04,48.248775,52.169801,44.327749,40.471739,44.318715,36.624763
2020-08-03,48.260693,52.180413,44.340973,40.472521,44.332199,36.612842
2020-08-02,48.45168,52.456776,44.446584,40.405973,44.401707,36.41024
2020-08-01,48.47047,52.476186,44.464753,40.413806,44.407625,36.419986
2020-07-31,48.489839,52.495482,44.484197,40.420418,44.411741,36.429095
2020-07-30,49.149695,53.168978,45.130411,40.783661,44.875126,36.692196
2020-07-29,49.152781,53.171702,45.13386,40.780685,44.869288,36.692082
2020-07-28,49.54347,53.521303,45.565636,41.018374,45.158521,36.878228
2020-07-27,49.538327,53.518183,45.55847,41.011581,45.147652,36.87551
2020-07-26,49.532732,53.514,45.551464,41.004967,45.137937,36.871998
2020-07-25,49.525941,53.507568,45.544315,40.996097,45.124764,36.867431
2020-07-24,49.519887,53.502153,45.537621,40.987855,45.113464,36.862245
2020-07-23,49.42541,53.443732,45.407087,41.247581,45.34221,37.152953
2020-07-22,49.017934,52.961921,45.073947,40.592595,44.467541,36.71765
2020-07-21,49.019443,52.959251,45.079634,40.717528,44.519426,36.915631
2020-07-20,49.0206,52.962004,45.079197,40.713831,44.517969,36.909694
2020-07-19,49.023169,52.966236,45.080101,40.710472,44.517159,36.903785
2020-07-18,49.023981,52.968406,45.079555,40.707314,44.515647,36.898982
2020-07-17,49.025587,52.971367,45.079807,40.704005,44.514025,36.893984
2020-07-16,49.026897,52.974503,45.079291,40.699742,44.511397,36.888087
2020-07-15,48.908908,52.891267,44.926549,40.677764,44.55439,36.801139
2020-07-14,49.434422,53.44512,45.423724,40.428702,44.278282,36.579122
2020-07-13,49.42873,53.440869,45.416591,40.428529,44.279717,36.577341
2020-07-12,49.423282,53.436726,45.409839,40.428088,44.280522,36.575655
2020-07-11,49.414373,53.429753,45.398993,40.427519,44.280802,36.574235
2020-07-10,49.405422,53.422293,45.388551,40.4264,44.280258,36.572542
2020-07-09,49.394983,53.413509,45.376457,40.425854,44.280009,36.5717
2020-07-08,49.386494,53.406494,45.366495,40.425462,44.280148,36.570776
2020-07-07,49.204179,53.224864,45.183493,40.389393,44.276278,36.502507
2020-07-06,49.200003,53.221597,45.178409,40.388789,44.275606,36.501971
2020-07-05,49.19484,53.218575,45.171104,40.389521,44.276508,36.502533
2020-07-04,49.191612,53.216602,45.166623,40.389912,44.277433,36.502391
2020-07-03,49.186876,53.213497,45.160255,40.391628,44.279101,36.504155
2020-07-02,49.183145,53.211222,45.155068,40.39281,44.280121,36.505499
2020-07-01,49.208073,53.335145,45.081001,40.264892,44.221214,36.308571
2020-06-30,48.985499,53.170392,44.800606,39.95465,43.974774,35.934525
2020-06-29,48.497889,52.77386,44.221918,40.759681,44.751613999999996,36.767747
2020-06-28,48.617534,52.830749,44.404318,40.725793,44.723936,36.72765
2020-06-27,48.618302,52.830891,44.405712,40.720938,44.719979,36.721897
2020-06-26,48.619761,52.831113,44.408409,40.717432,44.716707,36.718157
2020-06-25,48.716028,52.994917,44.43714,40.593687,44.629564,36.557811
2020-06-24,48.717098,52.992961,44.441235,40.592799,44.628102,36.557495
2020-06-23,48.723496,53.013609,44.433383,40.527627,44.574735,36.480518000000004
2020-06-22,48.370825,52.617293,44.124357,40.407552,44.551637,36.263467
2020-06-21,48.375082,52.618829,44.131334,40.408266,44.550464,36.266068
2020-06-20,48.379775,52.620778,44.138771,40.409175,44.548974,36.269376
2020-06-19,48.385537,52.623235,44.147839,40.410742,44.546849,36.274636
2020-06-18,48.391472,52.625997,44.156946,40.412644,44.545497,36.279791
2020-06-17,48.555617,52.868572,44.242662,40.730403,44.834599,36.626206
2020-06-16,48.518575,52.862148,44.175002,40.594035,44.631557,36.556513
2020-06-15,48.522442,52.861794,44.183091,40.595917,44.63176,36.560074
2020-06-14,48.528778,52.861662,44.195894,40.60604,44.633805,36.578275
2020-06-13,48.531725,52.859684,44.203766,40.607167,44.63322,36.581114
2020-06-12,48.534884,52.857941,44.211828,40.608041,44.633503,36.58258
2020-06-11,48.538525,52.85697,44.22008,40.608859,44.633835,36.583884
2020-06-10,48.547652,52.864752,44.230552,40.573652,44.615057,36.532247
2020-06-09,48.589891,52.918234,44.261548,40.60264,44.652997,36.552283
2020-06-08,49.044328,53.308151,44.780506,40.604624,44.741408,36.46784
2020-06-07,49.025669,53.290754,44.760585,40.602917,44.736796,36.469038
2020-06-06,48.68578,53.020236,44.351324,40.896836,45.183011,36.610661
2020-06-05,48.685475,53.01529,44.35566,40.893158,45.174048,36.612268
2020-06-04,48.684529,53.010009,44.35905,40.890045,45.164643,36.615447
2020-06-03,48.681952,53.010081,44.353823,40.915374,45.176585,36.654163
2020-06-02,48.160301,52.412036,43.908565,40.459069,44.795997,36.12214
2020-06-01,48.167358,52.41593,43.918785,40.461502,44.791641,36.131364
2020-05-31,48.179205,52.419144,43.939265,40.503586,44.811588,36.195585
2020-05-30,48.183955,52.422795,43.945115,40.503553,44.806454,36.200652
2020-05-29,48.188221,52.4253,43.951143,40.501704,44.79889,36.204518
2020-05-28,48.172359,52.406669,43.938048,40.494459,44.793305,36.195613
2020-05-27,48.172142,52.410572,43.933712,40.478305,44.781442,36.175168
2020-05-26,48.228407,52.502832,43.953983,40.271519,44.472427,36.070612
2020-05-25,48.207099,52.485138,43.92906,40.243287,44.456424,36.030151
2020-05-24,48.211066,52.486387,43.935746,40.249761,44.460456,36.039067
2020-05-23,48.214278,52.486927,43.94163,40.25638,44.46428,36.048481
2020-05-22,48.218035,52.487977,43.948093,40.263432,44.468571,36.058292
2020-05-21,48.226679,52.49912,43.954237,40.287662,44.486849,36.088475
2020-05-20,48.230639,52.500441,43.960838,40.294743,44.490866,36.098619
2020-05-19,48.281744,52.548507,44.014981,40.385476,44.563517,36.207435
2020-05-18,48.410846,52.732786,44.088907,40.527259,44.731951,36.322566
2020-05-17,48.45083,52.747629,44.154032,40.571151,44.742452,36.399849
2020-05-16,48.452613,52.746628,44.158598,40.575847,44.74415,36.407544
2020-05-15,48.455491,52.746757,44.164224,40.581033,44.7465,36.415566
2020-05-14,48.459802,52.748119,44.171485,40.587435,44.749956,36.424915
2020-05-13,48.464615,52.751922,44.177308,40.609729,44.764554,36.454904
2020-05-12,48.459356,52.745636,44.173076,40.547724,44.700466,36.394982
2020-05-11,48.463103,52.746464,44.179742,40.555033,44.705607,36.404459
2020-05-10,48.470679,52.745731,44.195627,40.535741,44.691689,36.379794
2020-05-09,48.475144,52.747052,44.203235,40.544441,44.697099,36.391783
2020-05-08,48.478791,52.74704,44.210541,40.553005,44.702347,36.403664
2020-05-07,48.482495,52.747073,44.217916,40.561489,44.707216,36.415763
2020-05-06,48.492997,52.753964,44.232031,40.574865,44.716348000000004,36.433382
2020-05-05,47.872252,52.054092,43.690413,40.30781,44.572334,36.043286
2020-05-04,47.958005,52.105355,43.810655,40.259022,44.530166,35.987878
2020-05-03,47.970647,52.11062,43.830675,40.278457,44.539108,36.017806
2020-05-02,47.98047,52.117992,43.842948,40.291258,44.547099,36.035418
2020-05-01,47.99218,52.127015,43.857345,40.305093,44.555905,36.05428
2020-04-30,48.001074,52.133992,43.868156,40.317583,44.564546,36.07062
2020-04-29,48.0114,52.14566,43.877139,40.308299,44.568413,36.048186
2020-04-28,48.252385,52.290604,44.214165,40.408972,44.646022,36.171921
2020-04-27,48.25546,52.293399,44.217522,40.417437,44.650568,36.184306
2020-04-26,48.066043,52.154447,43.977639,40.493549,44.79558,36.191518
2020-04-25,48.072064,52.159315,43.984813,40.501335,44.799204,36.203466
2020-04-24,48.079047,52.165626,43.992468,40.509531,44.802943,36.21612
2020-04-23,48.083779,52.169766,43.997793,40.517005,44.805901,36.228109
2020-04-22,48.128604,52.198771,44.058436,40.51965,44.807912,36.231388
2020-04-21,48.437579,52.485198,44.389961,40.425107,44.705452,36.144763
2020-04-20,48.622901,52.672732,44.573071,40.783164,44.910467,36.65586
2020-04-19,48.64644,52.678787,44.614094,40.743244,44.896585,36.589903
2020-04-18,48.644616,52.679259,44.609974,40.748348,44.899892,36.596804
2020-04-17,48.64228,52.679743,44.604816,40.753265,44.903052,36.603477
2020-04-16,48.640028,52.680862,44.599193,40.758145,44.905929,36.610362
2020-04-15,48.587213,52.665131,44.509296,40.811231,44.917282,36.70518
2020-04-14,48.649368,52.700667,44.59807,40.805204,44.899114,36.711294
2020-04-13,48.645551,52.698841,44.59226,40.808949,44.901374,36.716524
2020-04-12,48.916677,52.988891,44.844462,41.145872,45.185408,37.106337
2020-04-11,48.910186,52.986535,44.833837,41.147059,45.187027,37.107092
2020-04-10,48.903579,52.983345,44.823814,41.148443,45.188824,37.108062
2020-04-09,48.897067,52.98033,44.813804,41.14995,45.191059,37.10884
2020-04-08,48.889828,52.976979,44.802677,41.150993,45.193348,37.108638
2020-04-07,48.915815,53.007424,44.824206,41.187228,45.225507,37.148949
2020-04-06,48.931903,53.003438,44.860367,41.216959,45.216932,37.216986
2020-04-05,48.924115,52.998718,44.849512,41.217676,45.21785,37.217502
2020-04-04,48.915219,52.993192,44.837246,41.218628,45.219664,37.217592
2020-04-03,48.906243,52.986669,44.825816,41.218924,45.221045,37.216802
2020-04-02,48.897455,52.980298,44.814612,41.21904,45.221836,37.216244
2020-04-01,48.888434,52.974541,44.802327,41.219422,45.223915,37.21493
2020-03-31,48.757274,52.929776,44.584771,41.32518,45.481251,37.169109
2020-03-30,48.7495,52.923182,44.575818,41.323836,45.479145,37.168527
2020-03-29,48.741608,52.916035,44.56718,41.323422,45.478351,37.168494
2020-03-28,48.734,52.909761,44.55824,41.32235,45.476862,37.167838
2020-03-27,48.725014,52.901923,44.548106,41.320849,45.474936,37.166763
2020-03-26,48.733869,52.951885,44.515853,41.224512,45.336077,37.112947
2020-03-25,48.723757,52.942018,44.505495,41.226284,45.339477,37.113091
2020-03-24,48.807683,53.031158,44.584207,41.324251,45.417973,37.230529
2020-03-23,48.825343,53.041065,44.609622,41.398215,45.442695,37.353735
2020-03-22,48.809226,53.02476,44.593692,41.397999,45.444901,37.351096
2020-03-21,48.795875,53.011022,44.580727,41.397299,45.446241,37.348356
2020-03-20,48.780599,52.995854,44.565343,41.39636,45.447344,37.345376
2020-03-19,48.766386,52.98177,44.551002,41.395337,45.448779,37.341895
2020-03-18,48.753357,52.968261,44.538452,41.3933,45.448709,37.337891
2020-03-17,48.746403,52.962646,44.530159,41.452881,45.499365,37.406396
2020-03-16,48.733343,52.949095,44.517591,41.449765,45.498473,37.401057
2020-03-15,48.83511,53.110069,44.560151,41.702091,45.760402,37.643781
2020-03-14,48.819833,53.093944,44.545722,41.696707,45.757771,37.635642
2020-03-13,48.807109,53.080479,44.533739,41.691434,45.755072,37.627796
2020-03-12,48.792117,53.064605,44.519628,41.685283,45.75146,37.619106
2020-03-11,48.778247,53.049745,44.506749,41.679304,45.748266,37.610342
2020-03-10,48.857106,53.134944,44.579268,41.621713,45.689625,37.5538
2020-03-09,48.841603,53.118457,44.564748,41.61671,45.687261,37.546159
2020-03-08,48.072693,52.056566,44.08882,41.121941,45.167233,37.076649
2020-03-07,48.064131,52.050388,44.077873,41.12371,45.172444,37.074977
2020-03-06,48.056071,52.044402,44.067741,41.125092,45.176956,37.073228
2020-03-05,48.048425,52.038433,44.058418,41.126441,45.181363,37.07152
2020-03-04,48.039185,52.031643,44.046728,41.129145,45.188155,37.070135
2020-03-03,47.945234,51.880675,44.009793,41.21943,45.23413,37.20473
2020-03-02,47.938997,51.876994,44.000999,41.219459,45.238133,37.200786
2020-03-01,47.77639,51.643028,43.909752,41.252616,45.266021,37.239211
2020-02-29,47.771533,51.641286,43.901779,41.252905,45.270532,37.235279
2020-02-28,47.766774,51.639791,43.893757,41.252726,45.273897,37.231556
2020-02-27,47.761715,51.638253,43.885176,41.252794,45.278213,37.227375
2020-02-26,47.756064,51.636728,43.875399,41.252823,45.283207,37.222438
2020-02-25,47.752032,51.633778,43.870285,41.279978,45.311899,37.248058
2020-02-24,47.746851,51.632379,43.861323,41.278723,45.315205,37.242242
2020-02-23,47.755598,51.620976,43.89022,41.288806,45.297652,37.27996
2020-02-22,47.749935,51.619089,43.880781,41.287654,45.300585,37.274724
2020-02-21,47.743357,51.615931,43.870783,41.285857,45.30268,37.269033
2020-02-20,47.73635,51.612026,43.860674,41.283519,45.303892,37.263147
2020-02-19,47.730434,51.609624,43.851245,41.280473,45.304865,37.256082
2020-02-18,47.342274,51.383351,43.301197,41.786666,45.989853,37.583479
2020-02-17,47.340384,51.383262,43.297505,41.776139,45.981209,37.571069
2020-02-16,47.338836,51.383537,43.294135,41.765729,45.973187,37.558271
2020-02-15,47.337366,51.383676,43.291056,41.754037,45.963994,37.544079
2020-02-14,47.335982,51.384154,43.28781,41.741848,45.954314,37.529383
2020-02-13,47.334446,51.384284,43.284607,41.730598,45.945268,37.515928
2020-02-12,47.304918,51.424986,43.18485,41.674636,45.85587,37.493402
2020-02-11,47.279577,51.402951,43.156202,41.718016,45.902304,37.533728
2020-02-10,47.246125,51.365693,43.126557,41.545854,45.725317,37.366391
2020-02-09,47.245527,51.365585,43.125469,41.536892,45.719263,37.354521
2020-02-08,47.24521,51.365822,43.124599,41.526627,45.711871,37.341384
2020-02-07,47.244458,51.366088,43.122828,41.51891,45.707207,37.330612
2020-02-06,47.243791,51.366188,43.121395,41.510539,45.701684,37.319394
2020-02-05,47.243311,51.366542,43.120081,41.499662,45.693854,37.305471
2020-02-04,47.205836,51.300839,43.110833,41.494024,45.655749,37.332299
2020-02-03,47.205862,51.301109,43.110616,41.483297,45.647295,37.319299
2020-02-02,47.206118,51.301273,43.110962,41.472159,45.638383,37.305935
2020-02-01,46.92366,51.08757,42.759749,41.270509,45.483142,37.057875
2020-01-31,46.930016,51.088156,42.771875,41.250409,45.461341,37.039477
2020-01-30,46.93622,51.094005,42.778436,41.242109,45.455467,37.02875
2020-01-29,46.940937,51.098947,42.782926,41.2351,45.45237,37.017831
2020-01-28,46.872377,51.032845,42.711909,41.359235,45.574863,37.143606
2020-01-27,46.711613,50.902028,42.521199,41.328872,45.534593,37.12315
2020-01-26,46.720405,50.90928,42.53153,41.31942,45.528076,37.110764
2020-01-25,46.730554,50.918235,42.542874,41.308893,45.520337,37.097448
2020-01-24,46.738182,50.925863,42.550501,41.300254,45.51473,37.085777
2020-01-23,46.745845,50.93324,42.558451,41.291846,45.509707,37.073984
2020-01-22,46.755367,50.944297,42.566438,41.282842,45.50505,37.060634
2020-01-21,46.939349,51.069797,42.8089,41.155448,45.303277,37.00762
2020-01-20,46.942617,51.073035,42.8122,41.150057,45.300597,36.999517
2020-01-19,46.947963,51.078311,42.817615,41.142957,45.297441,36.988474
2020-01-18,46.951337,51.081923,42.820751,41.137882,45.296759,36.979006
2020-01-17,46.956043,51.087679,42.824407,41.132387,45.294843,36.969931
2020-01-16,46.960657,51.093513,42.827801,41.125978,45.291948,36.960009
2020-01-15,46.965933,51.10163,42.830237,41.121264,45.291237,36.95129
2020-01-14,47.536092,51.52868,43.543503,40.903461,45.081777,36.725145
2020-01-13,47.531594,51.526255,43.536932,40.900834,45.081709,36.719959
2020-01-12,47.526849,51.524642,43.529055,40.898226,45.082027,36.714424
2020-01-11,47.522499,51.525019,43.51998,40.896185,45.08318,36.709191
2020-01-10,47.51768,51.525255,43.510105,40.894087,45.08368,36.704495
2020-01-09,47.513029,51.52607,43.499988,40.89229,45.084967,36.699612
2020-01-08,47.508239,51.527318,43.48916,40.890215,45.08679,36.693641
2020-01-07,47.505615,51.463536,43.547694,40.902419,45.04716,36.757678
2020-01-06,47.501220000000004,51.462112,43.540328,40.90018,45.047087,36.753272
2020-01-05,47.496507,51.462009,43.531005,40.898045,45.0476,36.74849
2020-01-04,47.49157,51.461741,43.521399,40.89612,45.047949,36.744291
2020-01-03,47.486966,51.461663,43.51227,40.893956,45.048555,36.739356
2020-01-02,47.482099,51.460642,43.503555,40.891777,45.049176,36.734378
2020-01-01,47.477053,51.460513,43.493592,40.889573,45.050579,36.728568
2019-12-31,47.38635,51.284956,43.487744,40.901499,45.015101,36.787898
2019-12-30,47.382277,51.284524,43.48003,40.899572,45.01456,36.784584
2019-12-29,47.378832,51.285984,43.47168,40.89774,45.015093,36.780386
2019-12-28,47.375353,51.286676,43.464029,40.895744,45.015607,36.77588
2019-12-27,47.371142,51.286575,43.45571,40.893882,45.016469,36.771294
2019-12-26,47.368513,51.287974,43.449052,40.893228,45.01822,36.768236
2019-12-25,47.365276,51.289223,43.44133,40.892501,45.020275,36.764727
2019-12-24,47.394156,51.272564,43.515747,40.862741,44.9496,36.775883
2019-12-23,47.389901,51.271601,43.508201,40.861068,44.949983,36.772152
2019-12-22,47.375508,51.305279,43.445737,40.719407,44.748221,36.690593
2019-12-21,47.370036,51.303752,43.436319,40.720024,44.752735,36.687313
2019-12-20,47.365598,51.302532,43.428665,40.720003,44.755973,36.684034
2019-12-19,47.360123,51.30075,43.419497,40.719785,44.759619,36.679951
2019-12-18,47.353693,51.297753,43.409633,40.718726,44.762362,36.67509
2019-12-17,47.174683,51.097723,43.251643,40.582038,44.633202,36.530874
2019-12-16,47.172545,51.098388,43.246702,40.584695,44.638522,36.530867
2019-12-15,47.170498,51.099585,43.241411,40.587062,44.644113,36.530011
2019-12-14,47.168244,51.100316,43.236172,40.589284,44.649348,36.52922
2019-12-13,47.165856,51.100591,43.231122,40.591344,44.654254,36.528434
2019-12-12,47.164001,51.10129,43.226712,40.593352,44.659167,36.527537
2019-12-11,47.179011,51.192064,43.165959,40.741191,44.875689,36.606693
2019-12-10,47.152645,51.120221,43.185069,40.748641,44.842073,36.655209
2019-12-09,47.150599,51.120017,43.181181,40.74926,44.844785,36.653736
2019-12-08,46.799177,50.710987,42.887367,41.106265,45.257995,36.954535
2019-12-07,46.799297,50.714372,42.884222,41.10377,45.258511,36.94903
2019-12-06,46.799356,50.717131,42.881581,41.101034,45.258571,36.943498
2019-12-05,46.799156,50.721918,42.876394,41.09757,45.260311,36.934829
2019-12-04,46.79859,50.727495,42.869686,41.094136,45.263245,36.925026
2019-12-03,46.807752,50.690622,42.924883,41.067988,45.19,36.945976
2019-12-02,46.661206,50.542288,42.780125,41.003698,45.170517,36.836879
2019-12-01,46.662065,50.546782,42.777349,41.00217,45.171766,36.832575
2019-11-30,46.662414,50.550974,42.773855,40.999649,45.172942,36.826357
2019-11-29,46.662202,50.556436,42.767969,40.996822,45.175282,36.818362
2019-11-28,46.661553,50.561512,42.761593,40.99381,45.177652,36.809967
2019-11-27,46.660563,50.566851,42.754276,40.989777,45.179137,36.800417
2019-11-26,46.66964,50.574047,42.765233,40.961857,45.148515,36.775199
2019-11-25,46.775163,50.690178,42.860149,41.056558,45.225259,36.887857
2019-11-24,46.773515,50.693115,42.853914,41.051889,45.224853,36.878926
2019-11-23,46.771565,50.696562,42.846568,41.047154,45.22501,36.869297
2019-11-22,46.769813,50.699452,42.840174,41.042789,45.225363,36.860214
2019-11-21,46.766818,50.701685,42.831951,41.037305,45.225489,36.849121
2019-11-20,46.763548,50.703753,42.823344,41.031253,45.225257,36.837249
2019-11-19,46.816007,50.730362,42.901652,41.074449,45.232797,36.916101
2019-11-18,46.802471,50.85074,42.754202,41.09013,45.368609,36.81165
2019-11-17,46.798455,50.851319,42.745592,41.082441,45.36528,36.799603
2019-11-16,46.795158,50.851614,42.738701,41.075547,45.362315,36.788779
2019-11-15,46.791601,50.85137,42.731832,41.068123,45.35887,36.777375
2019-11-14,46.788141,50.851371,42.724911,41.060438,45.355069,36.765806
2019-11-13,46.784691,50.854071,42.715311,41.053626,45.355271,36.75198
2019-11-12,46.72663,50.772144,42.681117,41.0655,45.365425,36.765576
2019-11-11,46.729851,50.749463,42.71024,41.10669,45.363666,36.849715
2019-11-10,46.728284,50.75164,42.704928,41.099199,45.360369,36.838029
2019-11-09,46.725737,50.752633,42.698841,41.089407,45.35455,36.824265
2019-11-08,46.722829,50.753812,42.691846,41.081455,45.351675,36.811235
2019-11-07,46.697248,50.804692,42.589803,41.295563,45.613641,36.977484
2019-11-06,46.693927,50.807145,42.58071,41.285764,45.611061,36.960467
2019-11-05,46.704101,50.781762,42.62644,41.262725,45.547629,36.977821
2019-11-04,46.672362,50.700667,42.644057,41.041145,45.328741,36.75355
2019-11-03,46.668787,50.701459,42.636116,41.033188,45.325956,36.74042
2019-11-02,46.397097,50.414001,42.380192,40.927774,45.27898,36.576568
2019-11-01,46.396053,50.418329,42.373778,40.92072,45.277788,36.563652
2019-10-31,46.394853,50.422504000000004,42.367201,40.913607,45.276131,36.551082
2019-10-30,46.39398,50.427801,42.360159,40.905767,45.274424,36.537111
2019-10-29,46.648645,50.772861,42.524429,40.409524,44.645798,36.17325
2019-10-28,46.64684,50.773727,42.519954,40.405547,44.646929,36.164165
2019-10-27,46.644677,50.776737,42.512617,40.401616,44.65099,36.152241
2019-10-26,46.642448,50.77924,42.505657,40.397534,44.654444,36.140625
2019-10-25,46.6404,50.78147,42.49934,40.39457,44.65897,36.13017
2019-10-24,46.64824,50.83326,42.46321,40.3376,44.57792,36.09727
2019-10-23,46.64467,50.83505,42.45428,40.33887,44.58676,36.09099
2019-10-22,46.61763,50.78591,42.44934,40.3301,44.55841,36.10179
2019-10-21,46.61717,50.78851,42.44582,40.3403,44.56986,36.11074
2019-10-20,46.61544,50.79018,42.44071,40.33772,44.57553,36.0999
2019-10-19,46.61404,50.79313,42.43496,40.33614,44.58315,36.08914
2019-10-18,46.6241,50.79133,42.45686,40.32357,44.57166,36.07549
2019-10-17,46.62327,50.78565,42.46089,40.31409,44.56297,36.0652
2019-10-16,46.63026,50.78395,42.47658,40.30826,44.55732,36.05921
2019-10-15,46.55759,50.69633,42.41885,40.34586,44.60712,36.08461
2019-10-14,46.16936,50.36176,41.97697,39.9946,44.28389,35.70531
2019-10-13,46.1465,50.34454,41.94846,40.08598,44.33111,35.84084
2019-10-12,46.14955,50.35238,41.94672,40.08556,44.33942,35.8317
2019-10-11,46.15236,50.36126,41.94345,40.08596,44.34889,35.82302
2019-10-10,46.15164,50.35744,41.94584,40.08614,44.34466,35.82762
2019-10-09,46.84031,51.16859,42.51204,40.18811,44.7089,35.66732
2019-10-08,46.91247,51.26868,42.55626,40.03913,44.55721,35.52105
2019-10-07,46.89501,51.22849,42.56153,40.04539,44.52694,35.56384
2019-10-06,46.89267,51.23162,42.55373,40.04708,44.5363,35.55785
2019-10-05,46.88932,51.23374,42.54489,40.04895,44.54684,35.55106
2019-10-04,46.91763,51.24057,42.5947,40.02098,44.52187,35.52008
2019-10-03,46.90491,51.22741,42.5824,40.00826,44.50834,35.50818
2019-10-02,46.91618,51.22478,42.60757,40.01859,44.50917,35.52801
2019-10-01,46.79657,51.1877,42.40545,39.89654,44.46478,35.3283
2019-09-30,46.79758,51.1695,42.42567,39.88017,44.43277,35.32756
2019-09-29,46.79544,51.17237,42.4185,39.88213,44.44373,35.32054
2019-09-28,46.79355,51.17372,42.41339,39.88371,44.45168,35.31574
2019-09-27,46.79586,51.18,42.41173,39.88061,44.45765,35.30358
2019-09-26,46.78446,51.25709,42.31182,40.02592,44.69654,35.35531
2019-09-25,46.79462,51.25529,42.33395,40.01021,44.67851,35.34192
2019-09-24,46.81752,51.30174,42.33329,40.0184,44.71062,35.32618
2019-09-23,46.8068,51.26634,42.34726,40.01696,44.67719,35.35673
2019-09-22,46.8039,51.26691,42.34089,40.01768,44.68391,35.35144
2019-09-21,46.80098,51.26773,42.33422,40.01879,44.69142,35.34616
2019-09-20,46.80334,51.26412,42.34256,39.99981,44.67303,35.3266
2019-09-19,46.787350000000004,51.24686,42.32784,40.00001,44.66711,35.33292
2019-09-18,46.7856,51.23808,42.33311,40.00608,44.66587,35.34629
2019-09-17,46.80581,51.28514,42.32647,40.00705,44.69074,35.32336
2019-09-16,46.80737,51.27785,42.33688,40.00341,44.68178,35.32504
2019-09-15,46.88963,51.37407,42.4052,40.01473,44.71236,35.3171
2019-09-14,46.43975,50.96507,41.91443,39.82337,44.70257,34.94417
2019-09-13,46.44053,50.95953,41.92153,39.77914,44.66338,34.89491
2019-09-12,46.43738,50.94877,41.92599,39.77767,44.65457,34.90076
2019-09-11,46.44944,51.02625,41.87263,39.74813,44.65877,34.83748
2019-09-10,46.32343,50.8813,41.76555,39.82413,44.76095,34.88731
2019-09-09,46.32858,50.85334,41.80381,39.81292,44.71899,34.90685
2019-09-08,46.32648,50.85433,41.79864,39.81559,44.72642,34.90475
2019-09-07,46.32433,50.8555,41.79316,39.81862,44.73435,34.90289
2019-09-06,46.3258,50.85104,41.80056,39.82887,44.73573,34.92201
2019-09-05,46.31952,50.83807,41.80096,39.84674,44.74091,34.95257
2019-09-04,46.30021,50.81679,41.78362,39.84694,44.73462,34.95926
2019-09-03,46.36684,50.91931,41.81437,39.71645,44.62251,34.81038
2019-09-02,46.39014,50.89521,41.88508,39.7198,44.58178,34.85783
2019-09-01,46.38593,50.89455,41.8773,39.72641,44.59299,34.85982
2019-08-31,46.38185,50.89474,41.86896,39.73233,44.60546,34.85921
2019-08-30,46.3774,50.89615,41.85866,39.73793,44.61871,34.85715
2019-08-29,46.37306,50.88554,41.86059,39.72443,44.6037,34.84516
2019-08-28,46.36831,50.87469,41.86192,39.72646,44.6007,34.85221
2019-08-27,46.33921,50.84566,41.83276,39.8362,44.71917,34.95324
2019-08-26,46.26386,50.81778,41.70993,39.83502,44.75277,34.91727
2019-08-25,46.22643,50.7718,41.68106,39.8508,44.74462,34.95699
2019-08-24,46.22306,50.77345,41.67267,39.8542,44.75478,34.95363
2019-08-23,46.22149,50.76766,41.67532,39.85015,44.74799,34.95232
2019-08-22,46.20727,50.75194,41.66261,39.852,44.7441,34.95989
2019-08-21,46.209,50.74599,41.672,39.8539,44.74046,34.96733
2019-08-20,46.24121,50.79167,41.69075,39.85416,44.76376,34.94456
2019-08-19,46.22839,50.75634,41.70044,39.86655,44.74377,34.98933
2019-08-18,46.12503,50.79589,41.45416,39.87093,44.9161,34.82577
2019-08-17,46.12163,50.79664,41.44661,39.87407,44.9257,34.82244
2019-08-16,46.1198,50.79103,41.44857,39.86878,44.91798,34.81958
2019-08-15,46.13541,50.7937,41.47713,39.86505,44.90969,34.8204
2019-08-14,46.14678,50.79469,41.49887,39.86102,44.90096,34.82108
2019-08-13,46.09188,50.7454,41.43837,39.90766,44.97187,34.84344
2019-08-12,46.18119,50.86322,41.49917,39.92356,45.02335,34.82378
2019-08-11,46.14579,50.81846,41.47312,39.93604,45.01466,34.85741
2019-08-10,46.1421,50.81876,41.46543,39.93864,45.0219,34.85537
2019-08-09,46.13969,50.81293,41.46645,39.93319,45.01382,34.85256
2019-08-08,46.14108,50.80613,41.47602,39.9154,44.994,34.8368
2019-08-07,46.15625,50.80859,41.50392,39.91631,44.98871,34.84391
2019-08-06,46.09579,50.75203,41.43954,40.00037,45.09214,34.90859
2019-08-05,46.09354,50.74335,41.44373,40.00048,45.08597,34.91499
2019-08-04,46.10696,50.73761,41.47632,39.99811,45.06829,34.92793
2019-08-03,46.10425,50.74057,41.46793,40.00154,45.07655,34.92652
2019-08-02,46.09782,50.72937,41.46626,40.00642,45.07424,34.9386
2019-08-01,46.07744,50.70791,41.44698,40.02567,45.08215,34.96918
2019-07-31,46.07468,50.69939,41.44997,40.02669,45.0774,34.97598
2019-07-30,45.85197,50.52245,41.1815,40.26167,45.3907,35.13263
2019-07-29,46.06879,50.70877,41.42881,40.1701,45.32003,35.02016
2019-07-28,46.26608,51.01792,41.51424,39.83081,45.03923,34.62239
2019-07-27,46.263420000000004,51.01987,41.50697,39.83454,45.04768,34.6214
2019-07-26,46.24271,51.00017,41.48524,39.85066,45.05715,34.64417
2019-07-25,46.22474,50.97892,41.47056,39.84631,45.04634,34.64628
2019-07-24,46.22941,50.97467,41.48415,39.84141,45.03569,34.64712
2019-07-23,46.2438,51.00522,41.48238,39.78093,45.0089,34.55296
2019-07-22,46.25478,50.98262,41.52694,39.77521,44.97434,34.57608
2019-07-21,46.24804,50.96999,41.52608,39.77873,44.971,34.58646
2019-07-20,46.24651,50.97242,41.5206,39.78404,44.97956,34.58852
2019-07-19,46.24532,50.97541,41.51524,39.78997,44.9888,34.59115
2019-07-18,46.22449,50.952,41.49697,39.79322,44.98505,34.60138
2019-07-17,46.20903,50.93372,41.48435,39.81065,44.99311,34.6282
2019-07-16,46.21794,50.95608,41.4798,39.76233,44.97163,34.55303
2019-07-15,46.2505,50.99409,41.5069,39.91531,45.10061,34.73001
2019-07-14,46.2486,50.99512,41.50208,39.92063,45.10835,34.73291
2019-07-13,46.24681,50.99665,41.49697,39.92585,45.11617,34.73553
2019-07-12,46.24743,50.99327,41.50159,39.92553,45.1118,34.73925
2019-07-11,46.26704,50.9999,41.53419,39.93577,45.11338,34.75816
2019-07-10,46.26678,50.99253,41.54103,39.94491,45.11423,34.77559
2019-07-09,46.25336,50.99881,41.5079,40.09554,45.27317,34.9179
2019-07-08,46.26737,50.98225,41.55249,40.09652,45.24896,34.94408
2019-07-07,46.26543,50.98402,41.54683,40.1004,45.2545,34.9463
2019-07-06,46.24971,50.94524,41.55418,40.10244,45.23222,34.97265
2019-07-05,46.24624,50.94576,41.54672,40.10572,45.23747,34.97397
2019-07-04,46.24249,50.94617,41.5388,40.10896,45.24229,34.97562
2019-07-03,46.23845,50.94632,41.53058,40.11223,45.24718,34.97728
2019-07-02,46.0797,50.79528,41.36413,40.19974,45.35701,35.04247
2019-07-01,46.06042,50.78751,41.33332,40.30474,45.44962,35.15986
2019-06-30,46.05925,50.76995,41.34855,40.31923,45.4441,35.19435
2019-06-29,46.05848,50.77311,41.34385,40.31758,45.44431,35.19085
2019-06-28,46.05723,50.76869,41.34577,40.31369,45.43526,35.19211
2019-06-27,46.05645,50.76209,41.35081,40.3126,45.42752,35.19768
2019-06-26,46.05516,50.75515,41.35517,40.31006,45.41801,35.20211
2019-06-25,46.00704,50.805,41.20909,39.92038,45.00039,34.84036
2019-06-24,46.01987,50.83928,41.20045,39.84026,44.94758,34.73295
2019-06-23,46.03512,50.83317,41.23707,39.84153,44.93167,34.75139
2019-06-22,46.03408,50.83483,41.23334,39.84573,44.93857,34.75288
2019-06-21,46.04984,50.8428,41.25688,39.84185,44.9299,34.75379
2019-06-20,46.04391,50.83138,41.25643,39.84422,44.92564,34.76279
2019-06-19,46.01279,50.80075,41.22482,39.83319,44.91101,34.75536
2019-06-18,46.08476,50.91589,41.25363,39.92918,45.0593,34.79907
2019-06-17,46.11752,50.91557,41.31947,39.94883,45.04912,34.84854
2019-06-16,46.11482,50.91499,41.31464,39.95296,45.05476,34.85115
2019-06-15,46.11231,50.91471,41.30991,39.95706,45.06039,34.85372
2019-06-14,46.09528,50.89749,41.29308,39.93633,45.03815,34.83451
2019-06-13,46.10604,50.8991,41.31298,39.92536,45.0233,34.82741
2019-06-12,46.0873,50.87768,41.29693,39.9311,45.02127,34.84093
2019-06-11,45.88809,50.77367,41.00251,40.14495,45.26501,35.02489
2019-06-10,45.89508,50.75416,41.03601,40.16044,45.25133,35.06956
2019-06-09,45.88709,50.74939,41.02479,40.16163,45.25344,35.06982
2019-06-08,45.88683,50.7508,41.02287,40.16334,45.25641,35.07027
2019-06-07,45.90189,50.75822,41.04557,40.14252,45.23337,35.05168
2019-06-06,45.89607,50.74657,41.04556,40.14805,45.23045,35.06564
2019-06-05,45.8773,50.7244,41.03019,40.16652,45.23747,35.09558
2019-06-04,46.13968,51.1207,41.15865,40.08778,45.25341,34.92216
2019-06-03,46.13376,51.08899,41.17852,40.09133,45.22815,34.95451
2019-06-02,46.10822,51.14426,41.07217,40.06861,45.27438,34.86283
2019-06-01,46.10603,51.1425,41.06956,40.0698,45.27604,34.86355
2019-05-31,46.10069,51.13232,41.06905,40.04514,45.24833,34.84195
2019-05-30,46.11727,51.13606,41.09848,40.04374,45.23826,34.84922
2019-05-29,46.11303,51.12376,41.1023,40.02679,45.21618,34.83739
2019-05-28,45.38387,50.54089,40.22686,40.40746,45.74811,35.06682
2019-05-27,45.40448,50.5519,40.25706,40.38145,45.71735,35.04555
2019-05-26,45.40505,50.55338,40.25673,40.37756,45.71352,35.04161
2019-05-25,45.40477,50.55437,40.25517,40.36996,45.70612,35.0338
2019-05-24,45.40426,50.55487,40.25365,40.36407,45.70015,35.028
2019-05-23,45.40347,50.54401,40.26292,40.3856,45.70657,35.06464
2019-05-22,45.40199,50.53205,40.27193,40.36238,45.67469,35.05006
2019-05-21,45.38387,50.50629,40.26146,40.38334,45.68038,35.0863
2019-05-20,45.40961,50.4956,40.32362,40.40054,45.66189,35.13918
2019-05-19,45.40995,50.49613,40.32376,40.39439,45.6553,35.13349
2019-05-18,45.41078,50.49752,40.32403,40.39115,45.65195,35.13036
2019-05-17,45.42756,50.50297,40.35215,40.36371,45.61765,35.10977
2019-05-16,45.2653,50.39626,40.13435,39.61678,44.82152,34.41205
2019-05-15,45.27053,50.38826,40.1528,39.60784,44.80063,34.41505
2019-05-14,45.27612,50.38168,40.17056,39.57984,44.76405,34.39563
2019-05-13,45.38092,50.48645,40.27539,39.65493,44.83528,34.47458
2019-05-12,45.42901,50.50544,40.35258,39.65573,44.81231,34.49914
2019-05-11,45.43221,50.5075,40.35693,39.66537,44.82117,34.50957
2019-05-10,45.45971,50.52304,40.39637,39.66517,44.81018,34.52017
2019-05-09,45.46174,50.51419,40.4093,39.66973,44.80332,34.53614
2019-05-08,45.46373,50.50545,40.422,39.67448,44.79681,34.55214
2019-05-07,45.4656,50.49689,40.4343,39.67912,44.79045,34.5678
2019-05-06,45.4472,50.45234,40.44207,39.66858,44.74936,34.5878
2019-05-05,45.45211,50.45632,40.44789,39.68107,44.76113,34.60101
2019-05-04,45.45849,50.46135,40.45563,39.69585,44.77481,34.61689
2019-05-03,45.48914,50.48181,40.49648,39.68132,44.75415,34.60849
2019-05-02,45.51015,50.49373,40.52657,39.72509,44.7883,34.66188
2019-05-01,45.52872,50.50356,40.55389,39.76313,44.8171,34.70916
2019-04-30,45.54144,50.51705,40.56584,39.78912,44.84348,34.73476
2019-04-29,45.50648,50.46784,40.54513,39.76272,44.78897,34.73647
2019-04-28,45.49413,50.44143,40.54683,39.76756,44.77613,34.75898
2019-04-27,45.50465,50.45144,40.55786,39.79044,44.79865,34.78223
2019-04-26,45.50721,50.44709,40.56733,39.79105,44.78968,34.79242
2019-04-25,45.55692,50.48595,40.62789,39.84409,44.83457,34.85362
2019-04-24,45.43712,50.36239,40.51185,40.19793,45.10646,35.2894
2019-04-23,45.4376,50.35548,40.51971,40.18821,45.09036,35.28606
2019-04-22,45.42867,50.34116,40.51619,40.20913,45.1019,35.31636
2019-04-21,45.44134,50.33847,40.54421,40.22665,45.1016,35.3517
2019-04-20,45.46674,50.36343,40.57005,40.26496,45.13979,35.39012
2019-04-19,45.46711,50.35996,40.57425,40.29153,45.15665,35.42642
2019-04-18,45.50795,50.39006,40.62584,40.34004,45.19347,35.48661
2019-04-17,45.52328,50.39764,40.64893,40.36037,45.2053,35.51544
2019-04-16,45.52296,50.39293,40.65299,40.40586,45.23685,35.57487
2019-04-15,45.67727,50.52959,40.82494,40.24153,45.07927,35.40379
2019-04-14,45.70467,50.54829,40.86105,40.28785,45.11723,35.45848
2019-04-13,45.72102,50.56421,40.87782,40.31652,45.14576,35.48727
2019-04-12,45.73693,50.5792,40.89465,40.34392,45.17252,35.51532
2019-04-11,45.75085,50.58473,40.91697,40.353,45.17557,35.53043
2019-04-10,45.75838,50.57672,40.94004,40.3871,45.19035,35.58386
2019-04-09,45.7684,50.58554,40.95125,40.4033,45.20564,35.60096
2019-04-08,46.34439,51.28024,41.40854,41.36514,46.26093,36.46936
2019-04-07,46.35319,51.28727,41.4191,41.37721,46.27163,36.48279
2019-04-06,46.36174,51.2938,41.42967,41.38871,46.28146,36.49595
2019-04-05,46.35876,51.28345,41.43407,41.40292,46.28562,36.52022
2019-04-04,46.37143,51.28514,41.45772,41.42752,46.29723,36.55782
2019-04-03,46.40725,51.30639,41.50811,41.43464,46.29518,36.5741
2019-04-02,46.41046,51.30096,41.51995,41.45313,46.30265,36.6036
2019-04-01,46.63406,51.52567,41.74245,41.28944,46.1699,36.40897
