index,metric,weight,rmse,next_lower,next_upper,pct_diff,search_suggestion
0,baseline,0,0.15643684689623497,0,0,0,baseline
1,date_weight,0.5,0.15548755504536696,0.25,0.75,0.039965225529591746,not final
2,national_weight,1,0.15548755504536696,0.5,1.5,0.0040754733442250725,not final
3,House-House,1,0.15548755504536696,0.5,1.5,0.007885209570231339,not final
4,House-Senate,0.25,0.15316925043043472,0,0.25,0.015021892106726865,not final
5,House-Governor,1,0.1542968286199013,0.5,1.5,0.010768157816803944,not final
6,Senate-Senate,1,0.1542968286199013,0.5,1.5,0.001279232923746487,not final
7,Senate-House,0.25,0.15427357923378657,0,0.5,1.578560102187423e-4,not final
8,Senate-Governor,0.25,0.15422424303380014,0,0.5,7.001045757456958e-4,not final
9,Governor-Governor,1,0.15422424303380014,0.5,1.5,0.002106127376142564,not final
10,Governor-House,0.25,0.15411752450881475,0,0.25,6.922093353482832e-4,not final
11,Governor-Senate,0.25,0.15380018040608734,0,0.25,0.002268173279241825,not final
12,similarity_weight,1,0.15396204301831878,0.5,1.5,0.050450434602155154,not final
13,sample_size,1,0.15396204301831878,0.5,1.5,0.0498198363593683,not final
14,Ipsos,1,0.15396204301831878,0.5,1.5,8.123810703795316e-4,not final
15,HarrisX,0.25,0.15394930165366627,0,0.5,8.2759955896308e-5,final
16,Morning Consult,0.25,0.1534472817243199,0,0.25,0.0032662687647966983,not final
17,YouGov,1,0.15361541631028494,0.5,1.5,3.060646956314969e-4,not final
18,Siena College/The New York Times Upshot,0.25,0.1534407907367358,0,0.25,0.0011374176423822973,not final
19,Public Policy Polling,0.25,0.1534492958668839,0,0.25,2.0457292233783833e-4,not final
20,Monmouth University,0.25,0.1531796164424501,0,0.25,0.00181164563784119,not final
21,Emerson College,0.25,0.15321630800779976,0,0.25,2.4113031241280793e-4,not final
22,Marist College,0.25,0.15315465846410714,0,0.25,4.6140609283103174e-4,not final
23,Change Research,0.75,0.15315451835131016,0.5,1,0.002662419427396177,not final
24,SurveyMonkey,1,0.15315451835131016,0.5,1.5,1.101984417407334e-5,final
25,Gravis Marketing,0.25,0.15291366676920815,0,0.25,0.0015738426521344007,not final
26,Quinnipiac University,0.25,0.1528987440048865,0,0.25,4.341991432153202e-4,not final
27,CNN/SSRS,0.25,0.15283401322062254,0,0.25,5.362085485641287e-4,not final
28,Fox News,1,0.15285500316976122,0.5,1.5,0.0012030778032352486,not final
29,SurveyUSA,1,0.15285500316976122,0.5,1.5,6.665937774126139e-4,not final
30,USC Dornsife,0.25,0.1526594348202921,0,0.25,0.00128025602165155,not final
31,Other Pollster,1,0.15271656122521426,0.5,1.5,0.022045213557881294,not final
32,Ipsos Offset,0.5,0.15207428552095734,0,1,0.08762832647180643,not final
33,HarrisX Offset,-0.5,0.15187855457443483,-1,0,0.0092080944871419,not final
34,Morning Consult Offset,0.5,0.15181274770685527,0,1,0.05568777175684782,not final
35,YouGov Offset,-0.5,0.15173592269508948,-1,0,0.007722096033824681,not final
36,Siena College/The New York Times Upshot Offset,0.5,0.1517214212595063,0,1,0.003805344296469774,not final
37,Public Policy Polling Offset,-1,0.15142571388473958,-2,0,0.004033243588343648,not final
38,Monmouth University Offset,-1,0.1509902730044731,-2,0,0.005862894563929207,not final
39,Emerson College Offset,-1,0.15035091634964398,-2,0,0.010428325703498552,not final
40,Marist College Offset,-1,0.15030066757759,-2,0,8.472280315520072e-4,not final
41,Change Research Offset,-1,0.1462716214472953,-2,0,0.09123545588629106,not final
42,SurveyMonkey Offset,1,0.1462255838304308,0,2,6.494147017682101e-4,not final
43,Gravis Marketing Offset,1,0.14604898310930214,0,2,0.0035517497054470553,not final
44,Quinnipiac University Offset,1,0.1459576003627968,0,2,0.0012656657024706045,not final
45,CNN/SSRS Offset,-1,0.14582226166635592,-2,0,0.0019317735658183977,not final
46,Fox News Offset,-1,0.14558142732759358,-2,0,0.005645720105703668,not final
47,SurveyUSA Offset,0.5,0.14552951080876553,0,1,0.0034068540937440385,not final
48,USC Dornsife Offset,0,0.14552951080876553,-0.5,0.5,0.007880156288246553,not final
49,Other Pollster Offset,0,0.14552951080876553,-0.5,0.5,0.2623943176812378,not final
50,rv,1,0.14552951080876553,0.5,1.5,0.002664856187513055,not final
51,lv,0.75,0.14539924927980552,0.5,1,0.11992725446191248,not final
52,a,1,0.14539924927980552,0.5,1.5,0.007970443432921628,not final
53,v,1,0.14539924927980552,0.5,1.5,7.921200721360462e-4,not final
54,Unknown Population,0.25,0.14539865343340957,0,0.25,4.0980102702671675e-6,final
55,Online,0.5,0.1451533867581982,0.25,0.75,0.0420056219967698,not final
56,Live Phone,1,0.1451533867581982,0.5,1.5,0.01053090221583704,not final
57,Unknown Method,1,0.1451533867581982,0.5,1.5,0.0010470338312128682,not final
58,IVR/Online,0.25,0.14459222723582082,0,0.25,0.003873463447070179,not final
59,IVR,0.25,0.14409362643769905,0,0.5,0.004179693346801041,not final
60,Live Phone/Online,0.25,0.14324579928501985,0,0.25,0.005901223965675682,not final
61,IVR/Live Phone,0.25,0.14342529951534236,0,0.5,2.1439793884761555e-4,not final
62,IVR/Text,1,0.14342529951534236,0.5,1.5,0.002779237301733629,not final
63,Online/Text,1,0.14342529951534236,0.5,1.5,0.0243768830990141,not final
64,Other Method,0.25,0.1432404800804387,0,0.25,0.001289441908024598,not final
65,date_weight,0.5,0.14328474145412232,0.375,0.625,0.009672060340055907,not final
66,national_weight,1,0.14328474145412232,0.75,1.25,0.0029485622799917104,not final
67,House-House,1.5,0.14297894432347977,1,2,0.007900020215974468,not final
68,House-Senate,0.0625,0.14265802846873885,0,0.0625,0.0022470190158076367,not final
69,House-Governor,1,0.1426864044547314,0.75,1.25,6.585010950277037e-4,not final
70,Senate-Senate,0.5,0.14264325088876414,0,1,5.415254249870304e-4,not final
71,Senate-House,0.5,0.1426026656484423,0.25,0.75,0.003533297272780496,not final
72,Senate-Governor,0.25,0.1426026656484423,0.125,0.375,8.058112589404253e-4,not final
73,Governor-Governor,1.5,0.1425505081132018,1,2,0.0011093037830329261,not final
74,Governor-House,0.0625,0.14249833797860714,0,0.125,3.660434715659645e-4,not final
75,Governor-Senate,0.0625,0.14243810371534377,0,0.0625,4.2279087157319836e-4,not final
76,similarity_weight,0.75,0.14237748535757153,0.5,1,0.014746970958960015,not final
77,sample_size,1.5,0.14233521155447776,1,2,0.0010126979927221524,not final
78,Ipsos,1,0.14233521155447776,0.75,1.25,0.004712398996063863,not final
79,Morning Consult,0.25,0.14233521155447776,0.125,0.375,0.03105288095513974,not final
80,YouGov,0.5,0.1419736352363056,0,1,0.005691709787980737,not final
81,Siena College/The New York Times Upshot,0.125,0.14189592981867186,0.0625,0.1875,0.0014242407641816043,not final
82,Public Policy Polling,0.25,0.14189592981867186,0.125,0.375,0.0017732470711914218,not final
83,Monmouth University,0.25,0.14189592981867186,0.125,0.375,8.346212856475377e-4,not final
84,Emerson College,0.25,0.14189592981867186,0.125,0.375,2.970087292102477e-4,not final
85,Marist College,0.0625,0.1416438424989306,0,0.0625,0.001778144333549608,not final
86,Change Research,1,0.1409982494329385,0.75,1.25,0.013427631529091325,not final
87,Gravis Marketing,0.25,0.1409982494329385,0.125,0.375,0.0010090506386673296,not final
88,Quinnipiac University,0.25,0.1409982494329385,0.125,0.375,3.0244223256635586e-4,not final
89,CNN/SSRS,0.25,0.1409982494329385,0.125,0.375,2.465096896471165e-4,not final
90,Fox News,1.5,0.14087133744238464,1,2,0.0024545252703056034,not final
91,SurveyUSA,1.5,0.14076970352959825,1,2,0.0015836642275204958,not final
92,USC Dornsife,0.0625,0.14042768136791298,0,0.0625,0.002432612677460933,not final
93,Other Pollster,0.5,0.13989293960902227,0,1,0.010976479261410717,not final
94,Ipsos Offset,0.5,0.13989293960902227,0.25,0.75,0.032268230819247276,not final
95,HarrisX Offset,-0.25,0.13985604230408671,-0.5,0,0.0030358353711223197,not final
96,Morning Consult Offset,0.5,0.13985604230408671,0.25,0.75,0.027386469594998686,not final
97,YouGov Offset,-0.25,0.13981952070548498,-0.5,0,0.002306181098491984,not final
98,Siena College/The New York Times Upshot Offset,1,0.13942796731726034,0.5,1.5,0.007775831461887538,not final
99,Public Policy Polling Offset,-2,0.13928987156017802,-3,-1,0.0030778677706538226,not final
100,Monmouth University Offset,-2,0.13921571956305484,-3,-1,0.0016458657336685064,not final
101,Emerson College Offset,0,0.13910052718729932,-1,1,0.0017305871253017959,not final
102,Marist College Offset,0,0.13902635307824904,-1,1,9.077172105868054e-4,not final
103,Change Research Offset,-1,0.13902635307824904,-1.5,-0.5,0.06362133241264155,not final
104,SurveyMonkey Offset,0,0.1390219689725139,-1,1,6.78532088490499e-5,final
105,Gravis Marketing Offset,2,0.13896959543073242,1,3,0.0013876685580726854,not final
106,Quinnipiac University Offset,2,0.13892610625633534,1,3,8.079975090818857e-4,not final
107,CNN/SSRS Offset,-2,0.138830277460888,-3,-1,0.00255462868677624,not final
108,Fox News Offset,-1,0.138830277460888,-1.5,-0.5,0.003463537940132303,not final
109,SurveyUSA Offset,1,0.13865023405389346,0.5,1.5,0.003911156953118692,not final
110,USC Dornsife Offset,-0.25,0.13863046920057734,-0.5,0,9.314493567753505e-4,not final
111,Other Pollster Offset,0,0.13863046920057734,-0.25,0.25,0.045644035340405106,not final
112,rv,0.75,0.13861564280000946,0.5,1,0.0011307566242349477,not final
113,lv,1,0.138495235369557,0.75,1.25,0.00416379103455461,not final
114,a,0.75,0.13844100569481088,0.5,1,0.0024008567046624337,not final
115,v,1.5,0.13834881562734277,1,2,0.0015100464558564933,not final
116,Online,0.375,0.13796019207974605,0.25,0.5,0.012872746114057521,not final
117,Live Phone,1,0.13796019207974605,0.75,1.25,0.0020183661596930016,not final
118,Unknown Method,0.5,0.13790496393730808,0,1,8.71173511402138e-4,not final
119,IVR/Online,0.1875,0.13790366795524853,0.125,0.25,0.001509987846706069,not final
120,IVR,0.125,0.1378076048560542,0,0.25,0.002490507423197635,not final
121,Live Phone/Online,0.25,0.1378076048560542,0.125,0.375,0.0010018400696043008,not final
122,IVR/Live Phone,0.125,0.13778456043905085,0,0.125,3.5224208699902865e-4,not final
123,IVR/Text,1.5,0.13773298667136938,1,2,0.001790904749565466,not final
124,Online/Text,1,0.13773298667136938,0.75,1.25,0.005441628911933776,not final
125,Other Method,0.25,0.13773298667136938,0.125,0.375,6.974832197416824e-5,final
126,date_weight,0.5,0.13773298667136938,0.4375,0.5625,0.004002277853441047,not final
127,national_weight,0.875,0.1377217213009092,0.75,1,0.0016781168366170882,not final
128,House-House,1.5,0.1377217213009092,1.25,1.75,9.612631373894755e-4,not final
129,House-Senate,0.015625,0.13758261379898687,0,0.015625,0.0010105725496248386,not final
130,House-Governor,1.25,0.1375193642501948,1,1.5,0.0017713263092315216,not final
131,Senate-Senate,0.25,0.13746742346054247,0,0.5,0.0011622046065278301,not final
132,Senate-House,0.75,0.13744490018481761,0.5,1,8.197616051913588e-4,not final
133,Senate-Governor,0.1875,0.13744450282593404,0.125,0.25,5.1425477639154245e-5,final
134,Governor-Governor,1,0.1374390807302577,0.5,1.5,7.9936489626005e-5,final
135,Governor-House,0.0625,0.1374390807302577,0.03125,0.09375,1.7600400815856042e-4,not final
136,Governor-Senate,0.0625,0.1374390807302577,0.03125,0.09375,1.834529899878039e-4,not final
137,similarity_weight,0.625,0.13721483989167282,0.5,0.75,0.014895222745936718,not final
138,sample_size,2,0.13718140075958957,1.5,2.5,6.39344376977696e-4,not final
139,Ipsos,1,0.13718140075958957,0.875,1.125,0.001714978212492706,not final
140,Morning Consult,0.25,0.13718140075958957,0.1875,0.3125,0.010036569732817028,not final
141,YouGov,0.25,0.1369071854249822,0,0.25,0.004295001450023375,not final
142,Siena College/The New York Times Upshot,0.1875,0.13692682848343676,0.125,0.25,0.0034437224368433993,not final
143,Public Policy Polling,0.375,0.13685931697002252,0.25,0.5,0.0017934848711772115,not final
144,Monmouth University,0.375,0.13677868136521787,0.25,0.5,0.0013533834924491332,not final
145,Emerson College,0.375,0.13677243659651364,0.25,0.5,1.0262892519991749e-4,not final
146,Marist College,0.015625,0.13676019805755127,0,0.015625,8.94850369708206e-5,final
147,Change Research,1,0.13676321250046167,0.875,1.125,0.002457512763948069,not final
148,Gravis Marketing,0.375,0.13669138069574463,0.25,0.5,0.001263922952714565,not final
149,Quinnipiac University,0.375,0.1366542888476064,0.25,0.5,6.81689697299859e-4,not final
150,CNN/SSRS,0.125,0.13651275454842754,0,0.25,0.0026902480588477445,not final
151,Fox News,2,0.1363683736596747,1.5,2.5,0.0031343000443941234,not final
152,SurveyUSA,2,0.13620497934704257,1.5,2.5,0.0027916482250652276,not final
153,USC Dornsife,0.015625,0.13607576527898713,0,0.015625,9.49123804056808e-4,not final
154,Other Pollster,0.25,0.13598749116697606,0,0.5,0.018639385682679813,not final
155,Ipsos Offset,0.5,0.13598749116697606,0.375,0.625,0.0065108764944832465,not final
156,HarrisX Offset,-0.125,0.1359785498197649,-0.25,0,0.0010913446555702892,not final
157,Morning Consult Offset,0.5,0.1359785498197649,0.375,0.625,0.009425786439614049,not final
158,YouGov Offset,-0.125,0.1359780188832497,-0.25,0,1.1155249306262584e-4,not final
159,Siena College/The New York Times Upshot Offset,1.25,0.13591114568027393,1,1.5,0.004305502671743488,not final
160,Public Policy Polling Offset,-2.5,0.13589989786668422,-3,-2,0.0017027196703067917,not final
161,Monmouth University Offset,-3,0.13583827283177038,-4,-2,0.001708019623994887,not final
162,Emerson College Offset,0.5,0.13579856642308247,0,1,0.0019272548555675031,not final
163,Marist College Offset,1,0.13577710480903624,0,2,3.27502975018604e-4,not final
164,Change Research Offset,-1,0.13577710480903624,-1.25,-0.75,0.015306503367521485,not final
165,Gravis Marketing Offset,3,0.13576544165327772,2,4,5.215915560537793e-4,not final
166,Quinnipiac University Offset,1.5,0.1357622410449081,1,2,9.809581060341195e-5,final
167,CNN/SSRS Offset,-2,0.1357622410449081,-2.5,-1.5,8.170761509492329e-5,final
168,Fox News Offset,-1,0.1357622410449081,-1.25,-0.75,0.0014486084652193662,not final
169,SurveyUSA Offset,1.25,0.13572523830597621,1,1.5,0.002494251882056803,not final
170,USC Dornsife Offset,-0.5,0.13571799734932058,-0.75,-0.25,1.253578012004728e-4,not final
171,Other Pollster Offset,0.125,0.13570814654330848,0,0.25,0.007361746275324694,not final
172,rv,0.5,0.13557282533645215,0.25,0.75,0.0022474344022230786,not final
173,lv,1.25,0.13549257749431548,1,1.5,0.0029587780108577236,not final
174,a,0.5,0.13529512940473695,0.25,0.75,0.003348402982470867,not final
175,v,2,0.1350646995803839,1.5,2.5,0.004262117000617135,not final
176,Online,0.3125,0.13493128673418475,0.25,0.375,0.0075010766063931325,not final
177,Live Phone,1,0.13493128673418475,0.875,1.125,6.220998042866e-4,not final
178,Unknown Method,0.25,0.13490805716386525,0,0.5,9.090545204020498e-4,not final
179,IVR/Online,0.125,0.13481094993283277,0.0625,0.1875,0.002143470290573202,not final
180,IVR,0.0625,0.1347902605232192,0,0.125,8.002224345295337e-4,not final
181,Live Phone/Online,0.375,0.13465056102271994,0.25,0.5,0.0022248322579637462,not final
182,IVR/Live Phone,0.03125,0.13464324882460513,0,0.03125,5.430647008898771e-5,final
183,IVR/Text,1.5,0.13464505077215044,1.25,1.75,0.0013174848079947976,not final
184,Online/Text,0.875,0.13463265301772676,0.75,1,0.0016726091623216538,not final
185,date_weight,0.5,0.13463265301772676,0.46875,0.53125,0.0010271262202318342,not final
186,national_weight,0.75,0.13444110963784814,0.625,0.875,0.0037808925212421025,not final
187,House-House,1.25,0.1342517142923962,1,1.5,0.002871603736410806,not final
188,House-Senate,0.00390625,0.1341339778298883,0,0.00390625,8.773676538185651e-4,not final
189,House-Governor,1.5,0.1339667665279053,1.25,1.75,0.0037449110547484983,not final
190,Senate-Senate,0.125,0.1339396643043959,0,0.25,0.0010527024905647461,not final
191,Senate-House,1,0.13393277945629997,0.75,1.25,2.874428259665093e-4,not final
192,Governor-House,0.09375,0.1339201558974771,0.0625,0.125,2.3857735019576788e-4,not final
193,Governor-Senate,0.09375,0.13387398279750165,0.0625,0.125,8.775324675126037e-4,not final
194,similarity_weight,0.5625,0.1337909896091848,0.5,0.625,0.005266924528570109,not final
195,sample_size,2.5,0.13375449086725652,2,3,6.551728593642693e-4,not final
196,Ipsos,0.9375,0.1337537335730802,0.875,1,2.877438032270727e-4,not final
197,Morning Consult,0.21875,0.13370385347914765,0.1875,0.25,0.0031868606810335864,not final
198,YouGov,0.0625,0.133611871110923,0,0.0625,6.881927231607391e-4,not final
199,Siena College/The New York Times Upshot,0.21875,0.1335971259777126,0.1875,0.25,0.0024401459039535894,not final
200,Public Policy Polling,0.375,0.1335971259777126,0.3125,0.4375,0.0010889889135909604,not final
201,Monmouth University,0.5,0.13353345169481645,0.375,0.625,0.0014161706394624632,not final
202,Emerson College,0.5,0.13351208765067166,0.375,0.625,3.7828235884089333e-4,not final
203,Change Research,0.9375,0.13349296911138173,0.875,1,0.001285216284581246,not final
204,Gravis Marketing,0.5,0.13341489519594105,0.375,0.625,0.001384294598380203,not final
205,Quinnipiac University,0.25,0.13337980453735138,0.125,0.375,7.540972619512081e-4,not final
206,CNN/SSRS,0.0625,0.13316479992085523,0,0.0625,0.004493239746807491,not final
207,Fox News,2.25,0.1332092426244508,2,2.5,0.002133080389783218,not final
208,SurveyUSA,2.5,0.1330773680970631,2,3,0.002761728827256725,not final
209,USC Dornsife,0.00390625,0.13307075201254948,0,0.0078125,4.971731163014292e-5,final
210,Other Pollster,0.25,0.13307075201254948,0.125,0.375,0.015554921191014605,not final
211,Ipsos Offset,0.5625,0.13301785658656715,0.5,0.625,0.0025427015697109274,not final
212,HarrisX Offset,0,0.13300425645721237,-0.125,0.125,5.569974605305222e-4,not final
213,Morning Consult Offset,0.4375,0.13299217435124022,0.375,0.5,0.0034746249355345543,not final
214,YouGov Offset,0,0.13298947845926015,-0.125,0.125,4.230646942158815e-5,final
215,Siena College/The New York Times Upshot Offset,1.25,0.13298947845926015,1.125,1.375,3.323778065025795e-4,not final
216,Public Policy Polling Offset,-3,0.13296435465740417,-3.5,-2.5,6.842372987126976e-4,not final
217,Monmouth University Offset,-4,0.1329159954978856,-5,-3,0.001401768944982466,not final
218,Emerson College Offset,0.5,0.1329159954978856,0.25,0.75,2.4859582645767985e-4,not final
219,Marist College Offset,2,0.13290154944425006,1,3,2.8973781699616325e-4,not final
220,Change Research Offset,-1,0.13290154944425006,-1.125,-0.875,0.004520847022392254,not final
221,Gravis Marketing Offset,4,0.13289440811838946,3,5,2.4650198233432775e-4,not final
222,Fox News Offset,-1.25,0.13286805549841424,-1.5,-1,0.0012963409148988299,not final
223,SurveyUSA Offset,1.375,0.13285491463074114,1.25,1.5,0.0010160019715560506,not final
224,USC Dornsife Offset,-0.25,0.13285290027746216,-0.5,0,3.095087236778884e-5,final
225,Other Pollster Offset,0.1875,0.13285065692137507,0.125,0.25,0.0021870348272229234,not final
226,rv,0.25,0.13277728031873762,0,0.5,0.001486186062414286,not final
227,lv,1.125,0.13276137889081252,1,1.25,8.380130791126809e-4,not final
228,a,0.25,0.13262643537486069,0,0.5,0.0028984774773250393,not final
229,v,2.5,0.13256125254522924,2,3,0.00234699354300652,not final
230,Online,0.34375,0.1325351683012538,0.3125,0.375,0.003585238512739017,not final
231,Live Phone,0.875,0.132503944493933,0.75,1,7.637960584104966e-4,not final
232,Unknown Method,0.125,0.13247440780661424,0,0.125,9.19244081527421e-4,not final
233,IVR/Online,0.09375,0.13247023921098786,0.0625,0.125,0.001353314709167251,not final
234,IVR,0.03125,0.13243981683604303,0,0.03125,8.022533190029973e-4,not final
235,Live Phone/Online,0.5,0.1322822232140227,0.375,0.625,0.0027272295341505826,not final
236,IVR/Text,1.5,0.1322822232140227,1.375,1.625,4.6890224312441046e-4,not final
237,Online/Text,0.8125,0.13226631827059732,0.75,0.875,8.074277221928137e-4,not final
238,date_weight,0.515625,0.13225737514758798,0.5,0.53125,5.415818416118187e-4,not final
239,national_weight,0.625,0.13214739291671282,0.5,0.75,0.0031997095657620507,not final
240,House-House,1,0.13195051721533918,0.75,1.25,0.00338028327513427,not final
241,House-Senate,9.765625e-4,0.1318748781912516,0,9.765625e-4,5.734021470602667e-4,not final
242,House-Governor,1.75,0.13180616860005473,1.5,2,0.0021294799972387157,not final
243,Senate-Senate,0.125,0.13180616860005473,0.0625,0.1875,6.097627956165477e-4,not final
244,Senate-House,1.25,0.1318000449503933,1,1.5,1.9677727345402408e-4,not final
245,Governor-House,0.125,0.13179156588515734,0.09375,0.15625,1.5356607749457434e-4,not final
246,Governor-Senate,0.125,0.1317442906999307,0.09375,0.15625,8.914575368753238e-4,not final
247,similarity_weight,0.5625,0.1317442906999307,0.53125,0.59375,8.582393982308479e-4,not final
248,sample_size,3,0.13171237482320583,2.5,3.5,5.579748578100522e-4,not final
249,Ipsos,1,0.13169698235317853,0.9375,1.0625,3.2158162095027724e-4,not final
250,Morning Consult,0.203125,0.13168786115552614,0.1875,0.21875,7.548553493662074e-4,not final
251,YouGov,0.015625,0.13167074480120533,0,0.015625,1.2998515281948688e-4,not final
252,Siena College/The New York Times Upshot,0.25,0.13160425057417793,0.21875,0.28125,0.0013886122611587847,not final
253,Public Policy Polling,0.34375,0.1316039180451168,0.3125,0.375,8.045846875471139e-4,not final
254,Monmouth University,0.625,0.1315738512405012,0.5,0.75,9.906971005943597e-4,not final
255,Emerson College,0.625,0.13155617475868991,0.5,0.75,3.193279350029944e-4,not final
256,Change Research,0.875,0.13150490261758352,0.8125,0.9375,0.0011200935847877748,not final
257,Gravis Marketing,0.625,0.13141910427394485,0.5,0.75,0.0015662859763119002,not final
258,Quinnipiac University,0.125,0.13134251261724994,0,0.25,0.001449943375162105,not final
259,CNN/SSRS,0.015625,0.13125035549585223,0,0.015625,7.019011754577702e-4,not final
260,Fox News,2.375,0.13126737192284865,2.25,2.5,3.686550470758633e-4,not final
261,SurveyUSA,3,0.1311848661302114,2.5,3.5,0.0024498576778778864,not final
262,Other Pollster,0.1875,0.13107668509866208,0.125,0.25,0.006098381301285421,not final
263,Ipsos Offset,0.625,0.1310493956076465,0.5625,0.6875,7.686409871127347e-4,not final
264,HarrisX Offset,0,0.1310493956076465,-0.0625,0.0625,2.2393063559810394e-4,not final
265,Morning Consult Offset,0.4375,0.1310493956076465,0.40625,0.46875,7.403662562587766e-4,not final
266,Siena College/The New York Times Upshot Offset,1.375,0.13102943548104387,1.25,1.5,4.897406869317831e-4,not final
267,Public Policy Polling Offset,-3.5,0.13099741869325754,-4,-3,7.870107729279809e-4,not final
268,Monmouth University Offset,-5,0.13098750337405737,-6,-4,3.4545192382879643e-4,not final
269,Emerson College Offset,0.75,0.13096854607526645,0.5,1,4.616337075606864e-4,not final
270,Marist College Offset,3,0.13096245035253465,2,4,1.462063327705553e-4,not final
271,Change Research Offset,-1,0.13096245035253465,-1.0625,-0.9375,0.0010607946385091413,not final
272,Gravis Marketing Offset,5,0.13096139361526485,4,6,4.703042534604539e-5,final
273,Fox News Offset,-1.25,0.13096139361526485,-1.375,-1.125,4.462763203527126e-4,not final
274,SurveyUSA Offset,1.3125,0.1309530059050236,1.25,1.375,3.716777507795805e-4,not final
275,Other Pollster Offset,0.21875,0.13093760396733473,0.1875,0.25,7.680352574420807e-4,not final
276,rv,0.125,0.13090604299278283,0,0.25,0.0013104685701270504,not final
277,lv,1,0.13085712757759527,0.875,1.125,0.0011279647458993746,not final
278,a,0.125,0.13078992414209337,0,0.25,0.0029687027091406804,not final
279,v,2.75,0.13076735846657755,2.5,3,0.0018842536520937167,not final
280,Online,0.359375,0.13075950549393006,0.34375,0.375,8.386563513290251e-4,not final
281,Live Phone,0.8125,0.13075790543572388,0.75,0.875,4.174923035184105e-4,not final
282,Unknown Method,0.03125,0.130735044434782,0,0.03125,1.7484984549825618e-4,not final
283,IVR/Online,0.078125,0.13073584611484518,0.0625,0.09375,7.763135585931301e-4,not final
284,IVR,0.0078125,0.13070303803593725,0,0.0078125,2.5098086701601187e-4,not final
285,Live Phone/Online,0.625,0.1306257523927946,0.5,0.75,0.0017938835275920673,not final
286,IVR/Text,1.4375,0.13061737876141613,1.375,1.5,4.68351489230957e-4,not final
287,Online/Text,0.75,0.13060849175684877,0.6875,0.8125,2.904747778565284e-4,not final
288,date_weight,0.53125,0.13057705508278783,0.515625,0.546875,5.802685269065683e-4,not final
289,national_weight,0.5625,0.13050557981377411,0.5,0.625,0.002976066262333278,not final
290,House-House,0.875,0.1304678915912251,0.75,1,0.0021420377762293324,not final
291,House-Senate,2.44140625e-4,0.13044372630155637,0,2.44140625e-4,1.8523736017501946e-4,not final
292,House-Governor,1.75,0.13044976587494064,1.625,1.875,6.128929496977244e-4,not final
293,Senate-Senate,0.125,0.13044976587494064,0.09375,0.15625,1.347333845837558e-4,not final
294,Senate-House,1.25,0.13044976587494064,1.125,1.375,3.1142562068126486e-5,final
295,Governor-House,0.15625,0.13044502134235758,0.125,0.1875,8.684733412755668e-5,final
296,Governor-Senate,0.15625,0.13040147346580247,0.125,0.1875,8.00696886511834e-4,not final
297,similarity_weight,0.53125,0.13036467245296357,0.5,0.5625,9.794164054025426e-4,not final
298,sample_size,3.5,0.13033774153168212,3,4,4.640803595356656e-4,not final
299,Ipsos,0.96875,0.13033752940998072,0.9375,1,6.360486541065791e-5,final
300,Morning Consult,0.1875,0.13031286926303517,0.171875,0.203125,5.94784734338506e-4,not final
301,YouGov,0.00390625,0.1303091285364609,0,0.00390625,2.8706146110911875e-5,final
302,Siena College/The New York Times Upshot,0.28125,0.13027514200045123,0.25,0.3125,8.234020537864531e-4,not final
303,Public Policy Polling,0.34375,0.13027514200045123,0.328125,0.359375,2.514574123119546e-4,not final
304,Monmouth University,0.6875,0.13027204662881894,0.625,0.75,5.940339083974692e-4,not final
305,Emerson College,0.75,0.130265783569215,0.625,0.875,1.7279916771434454e-4,not final
306,Change Research,0.8125,0.1302400955937487,0.75,0.875,8.173828204739325e-4,not final
307,Gravis Marketing,0.6875,0.1302308512579783,0.625,0.75,4.775240346632576e-4,not final
308,Quinnipiac University,0.0625,0.1301026668694871,0,0.0625,0.0023247827878714673,not final
309,CNN/SSRS,0.00390625,0.13015199539373665,0,0.00390625,6.435432251672158e-5,final
310,Fox News,2.5,0.13013336199526182,2.375,2.625,4.2618676404624885e-4,not final
311,SurveyUSA,3.25,0.13011437143591564,3,3.5,0.001437864098396483,not final
312,Other Pollster,0.15625,0.13009022591557956,0.125,0.1875,0.0022278561932344574,not final
313,Ipsos Offset,0.65625,0.13008559109192666,0.625,0.6875,2.982433070720165e-4,not final
314,HarrisX Offset,-0.03125,0.13008214034168236,-0.0625,0,1.7463755354418486e-4,not final
315,Morning Consult Offset,0.453125,0.13007465374940425,0.4375,0.46875,3.7419771797637393e-4,not final
316,Siena College/The New York Times Upshot Offset,1.375,0.13007465374940425,1.3125,1.4375,1.1147169040866369e-4,not final
317,Public Policy Polling Offset,-4,0.13006258906563517,-4.5,-3.5,3.559091129007086e-4,not final
318,Monmouth University Offset,-6,0.13006173436995389,-7,-5,4.061487626929406e-5,final
319,Emerson College Offset,1,0.1300513471555757,0.75,1.25,3.5653115361321817e-4,not final
320,Marist College Offset,4,0.13004908739365476,3,5,5.9909293602377245e-5,final
321,Change Research Offset,-1,0.13004908739365476,-1.03125,-0.96875,3.2361941750725715e-4,not final
322,Fox News Offset,-1.3125,0.13004626971595595,-1.375,-1.25,2.1550577590196836e-4,not final
323,SurveyUSA Offset,1.28125,0.13004296308467053,1.25,1.3125,1.1920430656602577e-4,not final
324,Other Pollster Offset,0.25,0.13002118584361694,0.21875,0.28125,4.3180071956248537e-4,not final
325,rv,0.0625,0.13000967657099338,0,0.125,5.389708138149608e-4,not final
326,lv,0.9375,0.12997406180618765,0.875,1,0.0013570629360853384,not final
327,a,0.0625,0.1299565146177068,0,0.125,0.0010386391404618423,not final
328,v,2.875,0.12994070161556076,2.75,3,7.811604215431411e-4,not final
329,Online,0.3671875,0.1299362525052096,0.359375,0.375,2.698163142355254e-4,not final
330,Live Phone,0.78125,0.12993091903877263,0.75,0.8125,2.6094751474114357e-4,not final
331,Unknown Method,0.0078125,0.12992802687193936,0,0.0078125,2.2259513315100652e-5,final
332,IVR/Online,0.0703125,0.12992226461525233,0.0625,0.078125,4.721251481331326e-4,not final
333,IVR,0.001953125,0.12990968692321261,0,0.001953125,9.681405204590438e-5,final
334,Live Phone/Online,0.6875,0.12989603250790452,0.625,0.75,8.723881148650969e-4,not final
335,IVR/Text,1.40625,0.12989308504064792,1.375,1.4375,1.7366471435783007e-4,not final
336,Online/Text,0.75,0.12989308504064792,0.71875,0.78125,7.957540599124095e-5,final
337,date_weight,0.546875,0.12984115007919442,0.53125,0.5625,8.909834794987517e-4,not final
338,national_weight,0.53125,0.12982348998502996,0.5,0.5625,8.538558991115894e-4,not final
339,House-House,0.875,0.12982348998502996,0.8125,0.9375,4.994158474287194e-4,not final
340,House-Senate,6.103515625e-5,0.12981706507877674,0,6.103515625e-5,4.9490775827661536e-5,final
341,House-Governor,1.8125,0.1298129119908932,1.75,1.875,3.2036126029520804e-4,not final
342,Senate-Senate,0.09375,0.12980757733487913,0.0625,0.125,1.3887582494918898e-4,not final
343,Governor-Senate,0.1875,0.12977502978985098,0.15625,0.21875,6.040946214992942e-4,not final
344,similarity_weight,0.515625,0.12975929258161092,0.5,0.53125,7.440259449061311e-4,not final
345,sample_size,4,0.12973780978944405,3.5,4.5,3.655529558741928e-4,not final
346,Morning Consult,0.1796875,0.12973619665984315,0.171875,0.1875,2.4384458097754518e-4,not final
347,Siena College/The New York Times Upshot,0.296875,0.12973008736864844,0.28125,0.3125,3.339308704222203e-4,not final
348,Public Policy Polling,0.3359375,0.12972673850715885,0.328125,0.34375,1.978795894120737e-4,not final
349,Monmouth University,0.6875,0.12972673850715885,0.65625,0.71875,1.1458374674078491e-4,not final
350,Emerson College,0.6875,0.12972555859665055,0.625,0.75,1.0427747372211299e-4,not final
351,Change Research,0.78125,0.12971010749238143,0.75,0.8125,7.201135717461028e-4,not final
352,Gravis Marketing,0.6875,0.12971010749238143,0.65625,0.71875,6.386631370278384e-5,final
353,Quinnipiac University,0.015625,0.12964626947908162,0,0.015625,4.922802673700233e-4,not final
354,Fox News,2.625,0.12965663308929581,2.5,2.75,1.7761860205049045e-4,not final
355,SurveyUSA,3.5,0.1296265704611209,3.25,3.75,8.134517808452616e-4,not final
356,Other Pollster,0.15625,0.1296265704611209,0.140625,0.171875,4.6131410427199457e-4,not final
357,Ipsos Offset,0.6875,0.12961654293861438,0.65625,0.71875,2.0281271842456693e-4,not final
358,HarrisX Offset,0,0.12961549392551502,-0.09375,-0.03125,5.383372305899406e-5,final
359,Morning Consult Offset,0.46875,0.1296149978680219,0.453125,0.484375,1.775736595522512e-4,not final
360,Siena College/The New York Times Upshot Offset,1.3125,0.12961297271805194,1.25,1.375,7.40163209930315e-5,final
361,Public Policy Polling Offset,-4.5,0.12960420183181356,-5,-4,2.3825391098224386e-4,not final
362,Emerson College Offset,1.125,0.12960166223969344,1,1.25,1.4933191949869964e-4,not final
363,Change Research Offset,-1,0.12960166223969344,-1.015625,-0.984375,9.091943482337968e-5,final
364,Fox News Offset,-1.375,0.12959618158255012,-1.4375,-1.3125,1.0431135050209871e-4,not final
365,SurveyUSA Offset,1.25,0.12959447883043168,1.21875,1.28125,8.847953617091023e-5,final
366,Other Pollster Offset,0.28125,0.12957615297502567,0.25,0.3125,3.7167945389854703e-4,not final
367,rv,0.03125,0.12957484048224494,0,0.0625,1.2769505412146877e-4,not final
368,lv,0.875,0.129531788344025,0.8125,0.9375,9.303049367479736e-4,not final
369,a,0.03125,0.12952026829666557,0,0.03125,4.984584066018025e-4,not final
370,v,3,0.12950845719200071,2.875,3.125,3.342977291685908e-4,not final
371,Online,0.375,0.12950225837960494,0.3671875,0.3828125,1.5306335570642142e-4,not final
372,Live Phone,0.75,0.12949936252680783,0.71875,0.78125,1.0473417015785413e-4,not final
373,IVR/Online,0.06640625,0.12949570912614267,0.0625,0.0703125,1.757901967429217e-4,not final
374,Live Phone/Online,0.75,0.12949061233921386,0.6875,0.8125,2.3348646089839354e-4,not final
375,IVR/Text,1.375,0.1294846329410521,1.34375,1.40625,1.3610169687529108e-4,not final
376,date_weight,0.5625,0.12943458083518738,0.546875,0.578125,8.663309108652986e-4,not final
377,national_weight,0.5,0.12941995272773316,0.46875,0.53125,4.06668624248324e-4,not final
378,House-House,0.875,0.12941995272773316,0.84375,0.90625,1.5422607808546099e-4,not final
379,House-Governor,1.84375,0.12941865891299936,1.8125,1.875,7.581042776844126e-5,final
380,Senate-Senate,0.078125,0.12941758153938637,0.0625,0.09375,8.452582883551165e-5,final
381,Governor-Senate,0.21875,0.12939450271854264,0.1875,0.25,4.307555182198299e-4,not final
382,similarity_weight,0.5078125,0.12939240890916798,0.5,0.515625,1.5536852784273287e-4,not final
383,sample_size,4.5,0.1293742381037234,4,5,3.065906887932946e-4,not final
384,Morning Consult,0.18359375,0.12937405867485757,0.1796875,0.1875,6.638551918658222e-5,final
385,Siena College/The New York Times Upshot,0.3046875,0.12937342643081431,0.296875,0.3125,5.5746222535385455e-5,final
386,Public Policy Polling,0.33203125,0.12937231529435295,0.328125,0.3359375,6.256698694946356e-5,final
387,Monmouth University,0.703125,0.129371192755642,0.6875,0.71875,6.755611702756069e-5,final
388,Emerson College,0.65625,0.12937093904699287,0.625,0.6875,2.7844164112733304e-5,final
389,Change Research,0.75,0.129361925873282,0.71875,0.78125,2.6933585746444233e-4,not final
390,Quinnipiac University,0.00390625,0.12934298037755781,0,0.00390625,1.4646413938363307e-4,not final
391,Fox News,2.75,0.12933201191661525,2.625,2.875,3.546881695379253e-4,not final
392,SurveyUSA,3.75,0.12931793077131404,3.5,4,5.553199293392348e-4,not final
393,Other Pollster,0.1484375,0.129315395098386,0.140625,0.15625,2.3052727326116067e-4,not final
394,Ipsos Offset,0.703125,0.12931495145419616,0.6875,0.71875,5.917575633270718e-5,final
395,Morning Consult Offset,0.484375,0.12930734462376575,0.46875,0.5,1.7876733133923614e-4,not final
396,Public Policy Polling Offset,-5,0.1293013040422202,-5.5,-4.5,1.2595923196915662e-4,not final
397,Emerson College Offset,1.25,0.12930007217773729,1.125,1.375,4.551244383264588e-5,final
398,Fox News Offset,-1.4375,0.1292980520890037,-1.5,-1.375,1.1154821805636601e-4,not final
399,Other Pollster Offset,0.3125,0.12929110522495568,0.28125,0.34375,2.43721842221311e-4,not final
400,rv,0.015625,0.12929094816135064,0,0.03125,3.645174569534788e-5,final
401,lv,0.8125,0.12924264342524988,0.75,0.875,0.00111206369046137,not final
402,a,0.0078125,0.12922582974781927,0,0.0078125,1.3010234651989966e-4,not final
403,v,3.125,0.12922194288700498,3,3.25,2.688177502074786e-4,not final
404,Online,0.3828125,0.12921199448418003,0.375,0.390625,2.148880189430251e-4,not final
405,Live Phone,0.75,0.12921199448418003,0.734375,0.765625,4.663923943151798e-5,final
406,IVR/Online,0.0625,0.12920796900768028,0.05859375,0.06640625,9.508282615089313e-5,final
407,Live Phone/Online,0.75,0.12920796900768028,0.71875,0.78125,1.1507577968439542e-4,not final
408,IVR/Text,1.359375,0.12920701544794133,1.34375,1.375,6.260729156674826e-5,final
409,date_weight,0.578125,0.12915772349718244,0.5625,0.59375,8.572911003354078e-4,not final
410,national_weight,0.46875,0.12914052167784562,0.4375,0.5,4.720447047877366e-4,not final
411,House-House,0.90625,0.12913665212973496,0.875,0.9375,1.3057597721292564e-4,not final
412,Governor-Senate,0.25,0.1291222557814017,0.21875,0.28125,2.775053610860218e-4,not final
413,similarity_weight,0.50390625,0.12912197789409569,0.5,0.5078125,3.568488870984599e-5,final
414,sample_size,5,0.12910644938357194,4.5,5.5,2.6039172716755757e-4,not final
415,Change Research,0.71875,0.12909085781324262,0.6875,0.75,3.7420446604357694e-4,not final
416,Quinnipiac University,9.765625e-4,0.12908590096953795,0,9.765625e-4,3.839883750986728e-5,final
417,Fox News,2.875,0.12907739853622546,2.75,3,2.6791249777375004e-4,not final
418,SurveyUSA,4,0.12904883922018348,3.75,4.25,7.867949620412148e-4,not final
419,Other Pollster,0.1484375,0.12904883922018348,0.14453125,0.15234375,4.707722310183691e-5,final
420,Morning Consult Offset,0.5,0.12903731350192568,0.484375,0.515625,2.3857357524712796e-4,not final
421,Public Policy Polling Offset,-5.5,0.12903521404055154,-6,-5,5.056181643039946e-5,final
422,Fox News Offset,-1.46875,0.129032167871899,-1.5,-1.4375,4.0899713900816544e-5,final
423,Other Pollster Offset,0.34375,0.12902151973825768,0.3125,0.375,2.3102922484220207e-4,not final
424,lv,0.78125,0.12900450677310019,0.75,0.8125,7.896489470916336e-4,not final
425,a,0.001953125,0.1289988992833041,0,0.001953125,4.346833928895874e-5,final
426,v,3.1875,0.1289964920115014,3.125,3.25,2.1871588247935914e-4,not final
427,Online,0.390625,0.12899065352726002,0.3828125,0.3984375,1.5121766035161013e-4,not final
428,Live Phone/Online,0.78125,0.1289867448446733,0.75,0.8125,1.0001414827882003e-4,not final
429,date_weight,0.59375,0.12894378034905246,0.578125,0.609375,7.598575278187609e-4,not final
430,national_weight,0.4375,0.1289221968578112,0.40625,0.46875,5.691951580904017e-4,not final
431,House-House,0.921875,0.12892031559406658,0.90625,0.9375,9.632245497620915e-5,final
432,Governor-Senate,0.28125,0.1289107090886931,0.25,0.3125,1.8950366049740494e-4,not final
433,sample_size,5.5,0.12889729089446056,5,6,2.2394479083140867e-4,not final
434,Change Research,0.703125,0.12889634525348556,0.6875,0.71875,1.2475610292692668e-4,not final
435,Fox News,3,0.12888255528413556,2.875,3.125,3.3254571215893475e-4,not final
436,SurveyUSA,4.25,0.12886145306044647,4,4.5,6.683513697391352e-4,not final
437,Morning Consult Offset,0.515625,0.12885027403497015,0.5,0.53125,2.2890109080655712e-4,not final
438,Other Pollster Offset,0.359375,0.1288437751199333,0.34375,0.375,1.4566221009865564e-4,not final
439,lv,0.75,0.12883198531017784,0.71875,0.78125,3.559169427427478e-4,not final
440,v,3.21875,0.12883149833290344,3.1875,3.25,4.6498092354596634e-5,final
441,Online,0.3984375,0.12882362353488014,0.390625,0.40625,1.8341194841052944e-4,not final
442,Live Phone/Online,0.8125,0.12882198504966472,0.78125,0.84375,6.39628106662411e-5,final
443,date_weight,0.609375,0.1287807852288697,0.59375,0.625,7.329350010828271e-4,not final
444,national_weight,0.40625,0.12875961445424047,0.375,0.4375,5.947067712053129e-4,not final
445,Governor-Senate,0.3125,0.12875311624492822,0.28125,0.34375,1.311178716135674e-4,not final
446,sample_size,6,0.1287414673105159,5.5,6.5,1.936737763317088e-4,not final
447,Change Research,0.7109375,0.12874059796883044,0.703125,0.71875,4.66338006139458e-5,final
448,Fox News,3.125,0.12872946748616118,3,3.25,2.8812762549204027e-4,not final
449,SurveyUSA,4.5,0.12870768034292832,4.25,4.75,6.796757781532545e-4,not final
450,Morning Consult Offset,0.53125,0.12869536706373666,0.515625,0.546875,2.4279247541946633e-4,not final
451,Other Pollster Offset,0.375,0.12869394286300484,0.359375,0.390625,8.54967053402186e-5,final
452,lv,0.734375,0.12868758789250764,0.71875,0.75,2.985780997868568e-4,not final
453,Online,0.40625,0.12868529180098823,0.3984375,0.4140625,9.541175576889225e-5,final
454,date_weight,0.625,0.12864904958539392,0.609375,0.640625,6.569856040766648e-4,not final
455,national_weight,0.375,0.12861683630275933,0.34375,0.40625,7.918362954651845e-4,not final
456,Governor-Senate,0.34375,0.12861168784241153,0.3125,0.375,1.0351704616347498e-4,not final
457,sample_size,6.5,0.12860169832622878,6,7,1.656246319714145e-4,not final
458,Fox News,3.25,0.12859340456367124,3.125,3.375,2.41613702279761e-4,not final
459,SurveyUSA,4.625,0.1285889460055416,4.5,4.75,3.6000971046924426e-4,not final
460,Morning Consult Offset,0.546875,0.12857832555597695,0.53125,0.5625,2.1269733132627024e-4,not final
461,lv,0.71875,0.1285720306910095,0.703125,0.734375,1.5537824147781305e-4,not final
