cycle,race,state,seat,model_date,candidate_name_DEM,candidate_name_REP,p_dem_win,.pred,.pred_lower,.pred_upper
2022,House,Alabama,District 1,2022-07-01,Remrey,Carl,3e-4,0.21809207942400677,0.139597484147992,0.3167764035663874
2022,House,Alabama,District 2,2022-07-01,Harvey-Hall,Moore,4e-4,0.2121760222677623,0.13284645617652735,0.31023321819801936
2022,House,Alabama,District 3,2022-07-01,Veasey,Rogers,2e-4,0.19609652997423893,0.12337217830825285,0.29039985757222764
2022,House,Alabama,District 4,2022-07-01,Neighbors,Aderholt,0,0.11420735457095027,0.06274556739700377,0.18153261879076432
2022,House,Alabama,District 5,2022-07-01,Warner-Stanton,Strong,5e-4,0.22435545478996693,0.14453225740698297,0.3241322672828626
2022,House,Alabama,District 6,2022-07-01,Chieffo,Palmer,1e-4,0.21085079931517492,0.13350235404016889,0.3082163355370783
2022,House,Alabama,District 7,2022-07-01,Sewell,Nichols,0.664,0.5394676423111716,0.4172690753786104,0.6549585141618709
2022,House,Alaska,District 1,2022-07-01,Peltola,Begich,0.0171,0.3082024273682147,0.20896036452935135,0.4203226420455112
2022,House,Arizona,District 1,2022-07-01,Hodge,Schweikert,0.1044,0.3831975928161788,0.2753682134145933,0.5026138155350084
2022,House,Arizona,District 2,2022-07-01,O'Halleran,Crane,0.0255,0.32718916992750646,0.22682473931373842,0.4418329649260584
2022,House,Arizona,District 3,2022-07-01,Gallego,Zink,0.9834,0.6900368713098355,0.5780990115179728,0.786824014068884
2022,House,Arizona,District 4,2022-07-01,Stanton,Cooper,0.2753,0.4446084993756382,0.32870427582902295,0.5643320689244424
2022,House,Arizona,District 5,2022-07-01,Ramos,Biggs,0.0089,0.2911182673529362,0.19471726506724338,0.4001178194466569
2022,House,Arizona,District 6,2022-07-01,Engel,Ciscomani,0.0941,0.378434268907991,0.2700539573621068,0.4965957601110722
2022,House,Arizona,District 7,2022-07-01,Grijalva,Pozzolo,0.8275,0.5894243122911943,0.469584191561935,0.7034522587532556
2022,House,Arkansas,District 1,2022-07-01,Hodges,Crawford,0,0.17325296211188235,0.10530717715032246,0.2581971802272054
2022,House,Arkansas,District 2,2022-07-01,Hathaway,Hill,0.0095,0.2914710904072487,0.19694300900223805,0.40155834605178586
2022,House,Arkansas,District 3,2022-07-01,Mallett-Hays,Womack,0.0016,0.24628041360693126,0.16227545023164527,0.34834956279458484
2022,House,Arkansas,District 4,2022-07-01,White,Westerman,0,0.19021242991250636,0.11900754606120632,0.2832433566915403
2022,House,California,District 1,2022-07-01,Steiner,LaMalfa,0.0063,0.2776075083942626,0.18558760775431948,0.3845042467449819
2022,House,California,District 2,2022-07-01,Huffman,Brower,0.9779,0.6819055847188344,0.5680455071160866,0.7803092329815371
2022,House,California,District 3,2022-07-01,Jones,Kiley,0.0736,0.3672582287307986,0.25937135397566236,0.48396760793622723
2022,House,California,District 4,2022-07-01,Thompson,Brock,0.9039,0.6223563885205297,0.5024380680900968,0.730031385185403
2022,House,California,District 5,2022-07-01,Barkley,McClintock,0.0168,0.30939969595561884,0.21216844354819528,0.42312957822889247
2022,House,California,District 6,2022-07-01,Bera,Hamilton,0.5246,0.5054833952685288,0.38710542980210216,0.6236727001957334
2022,House,California,District 7,2022-07-01,Matsui,Semenenko,0.9063,0.624839930918546,0.5036206775355031,0.7336686612855895
2022,House,California,District 8,2022-07-01,Garamendi,Recile,0.994,0.7153618170371243,0.6083022743461834,0.8092897384319069
2022,House,California,District 9,2022-07-01,Harder,Patti,0.4278,0.4820416687302958,0.36314290657260817,0.6034558939729598
2022,House,California,District 10,2022-07-01,DeSaulnier,Kerr,0.9296,0.6348373088924445,0.5160946491869456,0.7413197729183659
2022,House,California,District 11,2022-07-01,Pelosi,Dennis,0.9999,0.8092532222459761,0.7218461949629684,0.8831573881907532
2022,House,California,District 12,2022-07-01,Lee,Slauson,1,0.8332808545244579,0.7486472090860776,0.89886981110486
2022,House,California,District 13,2022-07-01,Gray,Duarte,0.3421,0.46212574659605005,0.3469932456923694,0.5822345131216518
2022,House,California,District 14,2022-07-01,Swalwell,Hayden,0.9764,0.6737707102088829,0.5606874439468353,0.7756071155790465
2022,House,California,District 17,2022-07-01,Khanna,Tandon,0.9762,0.6753973770526038,0.5608610578759609,0.7771974013791987
2022,House,California,District 18,2022-07-01,Lofgren,Hernandez,0.964,0.6631336952798803,0.5488919001455382,0.7656016821555178
2022,House,California,District 19,2022-07-01,Panetta,Gorman,0.9275,0.6356494795891423,0.5179826144667556,0.7408599097905326
2022,House,California,District 20,2022-07-01,Wood,McCarthy,8e-4,0.24468478024668416,0.1591324165239748,0.3463057796715813
2022,House,California,District 21,2022-07-01,Costa,Maher,0.61,0.526024747562475,0.4063506809923263,0.6459658755542951
2022,House,California,District 22,2022-07-01,Salas,Valadao,0.3466,0.4612883987835563,0.3450322987796255,0.5823771890507042
2022,House,California,District 23,2022-07-01,Marshall,Obernolte,0.0243,0.32241903080219114,0.22019079390388652,0.4350247330909337
2022,House,California,District 24,2022-07-01,Carbajal,Allen,0.7792,0.5732321575487083,0.4533425429417113,0.6860304827365478
2022,House,California,District 25,2022-07-01,Ruiz,Hawkins,0.4374,0.4853569449433408,0.3673116109029794,0.6033315598937465
2022,House,California,District 26,2022-07-01,Brownley,Jacobs,0.5647,0.5162416138087793,0.3980033663585154,0.6339190697722553
2022,House,California,District 27,2022-07-01,Smith,Garcia,0.2133,0.42500428414676805,0.31105810838023745,0.5462946712147996
2022,House,California,District 28,2022-07-01,Chu,Hallman,0.8767,0.6071056948758944,0.48885666771807584,0.7188251881898383
2022,House,California,District 31,2022-07-01,Napolitano,Martinez,0.8515,0.5945666370629515,0.47850074260965025,0.7075350564525823
2022,House,California,District 32,2022-07-01,Sherman,Volotzky,0.9579,0.6579789946639287,0.5417983840874921,0.7602003345037939
2022,House,California,District 33,2022-07-01,Aguilar,Porter,0.7415,0.561487777685288,0.4422868322299073,0.6726208766363792
2022,House,California,District 35,2022-07-01,Torres,Cargile,0.7803,0.5741608678405234,0.4525773701395604,0.6849822885256625
2022,House,California,District 36,2022-07-01,Lieu,Collins,0.9682,0.6656860081684337,0.5519872672503998,0.7695980852707209
2022,House,California,District 38,2022-07-01,Sánchez,Ching,0.8119,0.5812386395301364,0.46218822725504244,0.6943367100834933
2022,House,California,District 39,2022-07-01,Takano,Smith,0.7429,0.5603906927206491,0.4420490734399027,0.6764395163180104
2022,House,California,District 40,2022-07-01,Mahmood,Kim,0.1123,0.3896703273509711,0.2791345387382852,0.5064718566982239
2022,House,California,District 41,2022-07-01,Rollins,Calvert,0.0935,0.37901682083333016,0.2711311819763893,0.49635698200323425
2022,House,California,District 42,2022-07-01,Garcia,Briscoe,0.9757,0.6738070312784965,0.5602813605937815,0.7727079765719254
2022,House,California,District 43,2022-07-01,Waters,Navarro,0.9991,0.7593002656952912,0.6545439013002274,0.8435175222829211
2022,House,California,District 44,2022-07-01,Barragán,Jones,0.9842,0.6928949282413026,0.5813972351052824,0.790216368529316
2022,House,California,District 45,2022-07-01,Chen,Steel,0.2295,0.4311865771009352,0.31703276723542595,0.5510811105562943
2022,House,California,District 46,2022-07-01,Correa,Gonzales,0.8439,0.5940315567921113,0.47429692805083074,0.706967722213583
2022,House,California,District 47,2022-07-01,Porter,Baugh,0.3139,0.45409537000151856,0.3369275697085541,0.5758614371179913
2022,House,California,District 48,2022-07-01,Houlahan,Issa,0.0204,0.31220482556356055,0.2127361014731655,0.4244732530109054
2022,House,California,District 49,2022-07-01,Levin,Maryott,0.3168,0.455953341336515,0.34030380812754357,0.5752220652948126
2022,House,California,District 50,2022-07-01,Peters,Gustafson,0.8287,0.5881844703633565,0.47014499330545795,0.6995297724610893
2022,House,California,District 51,2022-07-01,Jacobs,Caplan,0.7626,0.5662584627182334,0.4458037808708733,0.680523955360955
2022,House,California,District 52,2022-07-01,Vargas,Geffeney,0.9222,0.6303122808301902,0.5130515745730401,0.7352713985000643
2022,House,Colorado,District 1,2022-07-01,DeGette,Qualteri,0.9982,0.7449641017349055,0.639866144012051,0.8330830874060527
2022,House,Colorado,District 2,2022-07-01,Neguse,Dawson,0.8889,0.6135737017682841,0.4943880735572089,0.7229338209680086
2022,House,Colorado,District 3,2022-07-01,Frisch,Boebert,0.0188,0.3144984935585154,0.216391730657468,0.4258239467582494
2022,House,Colorado,District 4,2022-07-01,McCorkle,Buck,0.0026,0.2662838554588437,0.17596783463667953,0.37134192433864655
2022,House,Colorado,District 5,2022-07-01,Torres,Lamborn,0.015,0.3055140792904566,0.20817411175338887,0.4186382599173829
2022,House,Colorado,District 6,2022-07-01,Crow,Monahan,0.6143,0.5267549320420704,0.4086149884178065,0.6447368422074635
2022,House,Colorado,District 7,2022-07-01,Pettersen,Aadland,0.3335,0.4598405542558726,0.3451984518952548,0.5817535225555851
2022,House,Colorado,District 8,2022-07-01,Caraveo,Kirkmeyer,0.1625,0.4448256749438535,0.37286690508489406,0.5160813058582904
2022,House,Connecticut,District 1,2022-07-01,Larson,Lazor,0.7405,0.5609140656533593,0.4423304563137165,0.6759529147829467
2022,House,Connecticut,District 2,2022-07-01,Courtney,France,0.2938,0.448582488829054,0.3323971771667604,0.569078915261751
2022,House,Connecticut,District 3,2022-07-01,DeLauro,DeNardis,0.5026,0.5007421249304254,0.3800236509575046,0.6188511738702996
2022,House,Connecticut,District 4,2022-07-01,Himes,Stevenson,0.7862,0.575062382327459,0.45535502948388795,0.6891360676958531
2022,House,Connecticut,District 5,2022-07-01,Hayes,Logan,0.6153,0.5174599618531481,0.4438456060040573,0.5898406090182862
2022,House,Delaware,District 1,2022-07-01,Blunt Rochester,Murphy,0.4704,0.4930852385925649,0.3748526637138561,0.6129954005683538
2022,House,Florida,District 1,2022-07-01,Jones,Gaetz,1e-4,0.2078715630913205,0.1321939365690457,0.30419225574479947
2022,House,Florida,District 2,2022-07-01,Lawson,Dunn,0.2222,0.456219244433679,0.38556738918942723,0.5281995451698926
2022,House,Florida,District 3,2022-07-01,Hawk,Cammack,0.0147,0.3032845156942925,0.2072223751729006,0.4159429671217971
2022,House,Florida,District 4,2022-07-01,Holloway,Bean,0.0318,0.32983765260153164,0.22792075030970635,0.4462290750851834
2022,House,Florida,District 6,2022-07-01,Hannoush,Waltz,0.0018,0.2521117620934398,0.16539403424249008,0.3552635187792688
2022,House,Florida,District 7,2022-07-01,Green,Mills,0.0611,0.35872207632839864,0.25361805654039393,0.4750595443708458
2022,House,Florida,District 8,2022-07-01,Terry,Posey,0.0075,0.28413658209283477,0.19195601377557595,0.392200070456461
2022,House,Florida,District 9,2022-07-01,Soto,Moore,0.5541,0.5130440918474812,0.39537351705265733,0.6313784281712872
2022,House,Florida,District 10,2022-07-01,Frost,Wimbish,0.8009,0.5785207062837873,0.4593487927232758,0.694051491152009
2022,House,Florida,District 11,2022-07-01,Munns,Webster,0.0212,0.31729053337308644,0.21827051259287117,0.43190557182306255
2022,House,Florida,District 12,2022-07-01,Walker,Bilirakis,8e-4,0.22957330983884852,0.14805476830462197,0.32757551300842297
2022,House,Florida,District 13,2022-07-01,Lynn,Paulina Luna,0.215,0.4624112519968394,0.4009055163619875,0.524406652997696
2022,House,Florida,District 14,2022-07-01,Castor,Judge,0.5504,0.5123318482350427,0.3929966085997144,0.6292289668948616
2022,House,Florida,District 15,2022-07-01,Cohn,Lee,0.0825,0.37025454400934243,0.26381130398878583,0.4902520532066868
2022,House,Florida,District 16,2022-07-01,Schneider,Buchanan,0.0302,0.3286901858673806,0.2277475683555291,0.4405260614710393
2022,House,Florida,District 17,2022-07-01,Kale,Steube,0.0102,0.29320111238950186,0.19794219880133093,0.40325057867990477
2022,House,Florida,District 18,2022-07-01,Hayden,Franklin,0.0036,0.26396981373302986,0.175743789189676,0.3686171398119802
2022,House,Florida,District 19,2022-07-01,Banyai,Donalds,0.0028,0.2641125458257272,0.1760102798168609,0.37006044422538104
2022,House,Florida,District 20,2022-07-01,Cherfilus-McCormick,Clark,0.9808,0.6870705195275812,0.5746984614684671,0.7855918604114183
2022,House,Florida,District 21,2022-07-01,Balderramos Robinson,Mast,0.025,0.3261899852896814,0.22515776218370975,0.44120932280057873
2022,House,Florida,District 22,2022-07-01,Frankel,Franzese,0.4977,0.4993861097259641,0.38030664569415484,0.61856669134546
2022,House,Florida,District 23,2022-07-01,Moskowitz,Budd,0.3908,0.4737086551973889,0.35432983899484416,0.5928517643359807
2022,House,Florida,District 24,2022-07-01,Wilson,Navarro,0.9823,0.6847698237250228,0.5726178525568066,0.7849194988274365
2022,House,Florida,District 25,2022-07-01,Wasserman Schultz,Spalding,0.6042,0.5245821028065076,0.40631874227428916,0.6418766755471893
2022,House,Florida,District 26,2022-07-01,Olivo,Diaz-Balart,0.0164,0.3077813353422966,0.2102238024145919,0.4198183462157863
2022,House,Florida,District 27,2022-07-01,Taddeo,Salazar,0.1363,0.3983930095700075,0.2860998456988786,0.5176045277505396
2022,House,Florida,District 28,2022-07-01,Asencio,Gimenez,0.081,0.37281127341146136,0.2663475860059958,0.4880956362477092
2022,House,Georgia,District 1,2022-07-01,Herring,Carter,0.011,0.2928089054618711,0.19810984089239317,0.40391938693288254
2022,House,Georgia,District 2,2022-07-01,Bishop,West,0.186,0.4161074098591996,0.305322848591855,0.5367082308688589
2022,House,Georgia,District 3,2022-07-01,Almonord,Ferguson,2e-4,0.21518806267342871,0.1360652618945555,0.3142564298853475
2022,House,Georgia,District 4,2022-07-01,Johnson,Chavez,0.9918,0.7047774230372437,0.5955580913491796,0.8016390944910837
2022,House,Georgia,District 5,2022-07-01,Williams,Zimm,0.9979,0.7519968578218159,0.6476569616580401,0.8386109439394637
2022,House,Georgia,District 6,2022-07-01,Christian,McCormick,0.0108,0.29618827201140385,0.20080624983982862,0.40420834496365665
2022,House,Georgia,District 7,2022-07-01,McBath,Gonsalves,0.6469,0.536529522556419,0.41765249001957727,0.6535496566924511
2022,House,Georgia,District 8,2022-07-01,Butler,Scott,7e-4,0.22467422181922148,0.14352515476365857,0.32070713388448346
2022,House,Georgia,District 9,2022-07-01,Ford,Clyde,1e-4,0.19314105933889125,0.11999759145470268,0.2852123952349416
2022,House,Georgia,District 10,2022-07-01,Johnson-Green,Collins,6e-4,0.24301275613394588,0.159000267645913,0.34601117912965135
2022,House,Georgia,District 11,2022-07-01,Daza,Loudermilk,0.0056,0.2836852098007113,0.1897172358977628,0.3921723704278751
2022,House,Georgia,District 12,2022-07-01,Johnson,Allen,0.0111,0.2937055165255866,0.19951777340332022,0.4051758334116219
2022,House,Georgia,District 13,2022-07-01,Scott,Gonzales,0.9899,0.7059111302592137,0.5963124375992906,0.798580672330534
2022,House,Georgia,District 14,2022-07-01,Flowers,Taylor Greene,0,0.18442764246902002,0.1121231351754514,0.2721710561398839
2022,House,Hawaii,District 1,2022-07-01,Case,Kress,0.7126,0.5527105792740608,0.43173683768285487,0.6689432890297542
2022,House,Hawaii,District 2,2022-07-01,Tokuda,Akana,0.7304,0.5575561993821724,0.4359973095309916,0.6748092323182987
2022,House,Idaho,District 1,2022-07-01,Peterson,Fulcher,0,0.18035601361590514,0.11069900400579125,0.2702694859126642
2022,House,Idaho,District 2,2022-07-01,Norman,Simpson,0.002,0.2526101045394283,0.16620747524789797,0.3557604609009215
2022,House,Illinois,District 1,2022-07-01,Jackson,Carlson,0.9023,0.621395819011229,0.5011840031937427,0.7328871956510807
2022,House,Illinois,District 2,2022-07-01,Kelly,Lynch,0.8896,0.6132136107325663,0.49506950320018805,0.7228912611211059
2022,House,Illinois,District 3,2022-07-01,Ramirez,Burau,0.955,0.6543855856463698,0.5375119596969686,0.7577222327669745
2022,House,Illinois,District 4,2022-07-01,Garcia,Falakos,0.9724,0.6732886170232459,0.5596167762079608,0.7741247538286917
2022,House,Illinois,District 5,2022-07-01,Quigley,Hanson,0.9232,0.632470097360009,0.5149543711833657,0.7407290627431982
2022,House,Illinois,District 6,2022-07-01,Casten,Pekau,0.3208,0.45671260057067387,0.3396529645587181,0.5765649846340002
2022,House,Illinois,District 8,2022-07-01,Krishnamoorthi,Dargis,0.4824,0.4960064105318953,0.37575499966814235,0.6134638038968458
2022,House,Illinois,District 9,2022-07-01,Schakowsky,Rice,0.9427,0.6460948181669465,0.5272553771064029,0.7513178697703555
2022,House,Illinois,District 10,2022-07-01,Schneider,Severino,0.7205,0.5544390460405442,0.4340889559805433,0.6722139139780647
2022,House,Illinois,District 11,2022-07-01,Foster,Lauf,0.4295,0.48205737527032677,0.3651229235050093,0.602181403298989
2022,House,Illinois,District 12,2022-07-01,Markel,Bost,0,0.16345262151136253,0.09794202642491769,0.24808760715567063
2022,House,Illinois,District 13,2022-07-01,Budzinski,Deering,0.2409,0.4356514166919391,0.3205898538619284,0.5554644946465348
2022,House,Illinois,District 14,2022-07-01,Underwood,Gryder,0.3683,0.46928062843541724,0.3504016534824488,0.5887110408474475
2022,House,Illinois,District 15,2022-07-01,Lange,Miller,0,0.17735311592380915,0.10912171986136214,0.26542250431750464
2022,House,Illinois,District 16,2022-07-01,Haderlein,LaHood,0.0029,0.26234848221899304,0.17158179453993572,0.3664408542017599
2022,House,Illinois,District 17,2022-07-01,Sorensen,King,0.2251,0.4298855439103514,0.31478464740539025,0.5480529683805154
2022,House,Indiana,District 1,2022-07-01,Mrvan,Green,0.2733,0.44105544230642735,0.3281274853596084,0.5629058802592832
2022,House,Indiana,District 2,2022-07-01,Steury,Walorski,0.003,0.2590533657715809,0.17142259242590302,0.36542056595035854
2022,House,Indiana,District 3,2022-07-01,Snyder,Banks,8e-4,0.21760827103594427,0.13979911818122726,0.31508660464382693
2022,House,Indiana,District 4,2022-07-01,Day,Baird,1e-4,0.22053733886662938,0.1401803415095941,0.31758840382666115
2022,House,Indiana,District 5,2022-07-01,Lee Lake,Spartz,0.0065,0.2799159250212483,0.1858658430416896,0.38853898922313984
2022,House,Indiana,District 6,2022-07-01,Wirth,Pence,1e-4,0.21145847083295474,0.1331480192303227,0.30634057168418855
2022,House,Indiana,District 7,2022-07-01,Carson,Grabovsky,0.9153,0.6257885087249458,0.5077317344460225,0.7346278634590938
2022,House,Indiana,District 8,2022-07-01,McCormick,Bucshon,1e-4,0.20241746327183147,0.12494270280880498,0.295441628178652
2022,House,Indiana,District 9,2022-07-01,Fyfe,Houchin,0.001,0.23588411283323754,0.15221871345886762,0.3352809422960781
2022,House,Iowa,District 1,2022-07-01,Bohannan,Miller-Meeks,0.0704,0.36398683985276026,0.2566852877221241,0.48249686766812666
2022,House,Iowa,District 2,2022-07-01,Mathis,Hinson,0.0473,0.3465045293712813,0.2422487613465052,0.4641520118601277
2022,House,Iowa,District 3,2022-07-01,Axne,Nunn,0.0954,0.3804768334545463,0.27274229241697423,0.49755935976359067
2022,House,Iowa,District 4,2022-07-01,Melton,Feenstra,0.0012,0.23508645982539284,0.15194404842786755,0.3347940833596006
2022,House,Kansas,District 1,2022-07-01,Beard,Mann,3e-4,0.21972064799409796,0.14090774079642196,0.3175995196600259
2022,House,Kansas,District 2,2022-07-01,Schmidt,LaTurner,0.0044,0.2800071620596011,0.18831647630007048,0.38719726663138193
2022,House,Kansas,District 3,2022-07-01,Davids,Adkins,0.1501,0.4029378963173714,0.28978281556765123,0.5229889440599109
2022,House,Kansas,District 4,2022-07-01,Hernandez,Estes,0.0019,0.25777148267669114,0.1687833913974638,0.36106171099590467
2022,House,Kentucky,District 1,2022-07-01,Ausbrooks,Comer,0,0.16392503276608253,0.09880885923073515,0.24708103864369615
2022,House,Kentucky,District 2,2022-07-01,Linderman,Guthrie,0,0.18953023735404728,0.1181026095157232,0.27924556296771963
2022,House,Kentucky,District 3,2022-07-01,McGarvey,Ray,0.5402,0.5096375080327842,0.38913571896782373,0.6272014276957014
2022,House,Kentucky,District 4,2022-07-01,Lehman,Massie,0,0.20389226651395437,0.12704984905668473,0.298492573906003
2022,House,Kentucky,District 5,2022-07-01,Halbleib,Rogers,0,0.11313849852019564,0.06234113307909675,0.18148801897912972
2022,House,Kentucky,District 6,2022-07-01,Young,Barr,0.0112,0.29647609630550964,0.20279017213849335,0.41030049983040257
2022,House,Louisiana,District 1,2022-07-01,Darling,Scalise,0,0.18087213238148664,0.11028497764867565,0.26830697541077336
2022,House,Louisiana,District 2,2022-07-01,Carter,Lux,0.9761,0.6762381461514875,0.5646642875598393,0.7778292125435169
2022,House,Louisiana,District 3,2022-07-01,Lebrun,Higgins,0,0.18475976327621296,0.11498569425662164,0.2738445104498414
2022,House,Louisiana,District 5,2022-07-01,Dantzler,Letlow,2e-4,0.2074137171354401,0.13150878187874285,0.30406730264728704
2022,House,Maine,District 1,2022-07-01,Pingree,Thelander,0.5115,0.5024717056916019,0.3802257502372122,0.6227054884756745
2022,House,Maine,District 2,2022-07-01,Golden,Poliquin,0.0214,0.3212811749628164,0.22121557469268327,0.4329129789079416
2022,House,Maryland,District 1,2022-07-01,Mizeur,Harris,0.0056,0.2755988931156379,0.18392611180517987,0.38212931519827975
2022,House,Maryland,District 2,2022-07-01,Ruppersberger,Ambrose,0.4487,0.48759920918717625,0.36907762391043974,0.6078935720598988
2022,House,Maryland,District 3,2022-07-01,Sarbanes,Morgan,0.643,0.5339620104839415,0.4140699105452978,0.6495957467139205
2022,House,Maryland,District 4,2022-07-01,Ivey,Warner,0.9999,0.8125344879533534,0.7242997074076293,0.884578027497616
2022,House,Maryland,District 5,2022-07-01,Hoyer,Palombi,0.7761,0.5710131780550258,0.4499844897449441,0.6857092046997114
2022,House,Maryland,District 6,2022-07-01,Trone,Parrott,0.2749,0.44358691482899637,0.32652310041067634,0.5657169876802973
2022,House,Maryland,District 7,2022-07-01,Mfume,Collier,0.9965,0.7300866732394302,0.6251117907454649,0.8226365321882617
2022,House,Maryland,District 8,2022-07-01,Raskin,Coll,0.9983,0.7455719117377738,0.6417557588237678,0.8341034358990708
2022,House,Massachusetts,District 1,2022-07-01,Neal,Martilli,0.5955,0.5229880235641362,0.403169614193909,0.6387191515015622
2022,House,Massachusetts,District 2,2022-07-01,McGovern,Sossa-Paquette,0.7864,0.5721272493241736,0.4546997153424911,0.6864477289603254
2022,House,Massachusetts,District 3,2022-07-01,Trahan,Tran,0.7193,0.553894333866632,0.4340134503644125,0.6691143771478927
2022,House,Massachusetts,District 5,2022-07-01,Clark,Colarusso,0.979,0.6836881951798515,0.5712838851131699,0.7831251127508132
2022,House,Massachusetts,District 6,2022-07-01,Moulton,May,0.6964,0.5491302191857332,0.42961777963617986,0.6646712638290561
2022,House,Massachusetts,District 7,2022-07-01,Pressley,Palmer,1,0.8019565879682977,0.7106940144295166,0.877411311765546
2022,House,Massachusetts,District 8,2022-07-01,Lynch,Rodrigues,0.8381,0.5911341322550286,0.4735530119171873,0.7031176377358169
2022,House,Massachusetts,District 9,2022-07-01,Keating,Brown,0.3745,0.47139050006607147,0.3522252195251697,0.590382263420395
2022,House,Michigan,District 1,2022-07-01,Lorinser,Bergman,0.0013,0.24044591331458376,0.15742905863707082,0.34109175128543856
2022,House,Michigan,District 2,2022-07-01,Hilliard,Moolenaar,6e-4,0.22433045299397958,0.14438273935735052,0.32247504438761376
2022,House,Michigan,District 3,2022-07-01,Scholten,Gibbs,0.198,0.4200751970119526,0.30794925769713416,0.5420209646298136
2022,House,Michigan,District 4,2022-07-01,Wenke,Huizenga,0.0435,0.34223470133661554,0.24102043405919987,0.4586723434178676
2022,House,Michigan,District 5,2022-07-01,Goldberg,Walberg,6e-4,0.23644623560244005,0.15316925688189378,0.3367552276581304
2022,House,Michigan,District 6,2022-07-01,Dingell,Williams,0.6663,0.5409256122324666,0.4204429931934024,0.6573187621730692
2022,House,Michigan,District 7,2022-07-01,Slotkin,Barrett,0.2999,0.4703721814528322,0.39791623580561336,0.5429719826212489
2022,House,Michigan,District 8,2022-07-01,Kildee,Junge,0.1047,0.3833952856101883,0.27415816334869386,0.502988886088385
2022,House,Michigan,District 9,2022-07-01,Jaye,McClain,0,0.21066224701054553,0.13427925082879708,0.3059760707466578
2022,House,Michigan,District 10,2022-07-01,Marlinga,James,0.0697,0.3657827529921149,0.2586538712370531,0.48168397635076227
2022,House,Michigan,District 11,2022-07-01,Stevens,Ambrose,0.4713,0.49295131332284237,0.3744199942508649,0.6113516632138919
2022,House,Michigan,District 12,2022-07-01,Tlaib,Elliott,0.9459,0.6481054821778076,0.5303713994957029,0.7541721863342948
2022,House,Michigan,District 13,2022-07-01,Thanedar,Bivings,0.9589,0.6587052920395059,0.5443274129693743,0.7610416530992157
2022,House,Minnesota,District 1,2022-07-01,Ettinger,Finstad,0.0271,0.3242609248840646,0.22187482406499248,0.4370664796396683
2022,House,Minnesota,District 2,2022-07-01,Craig,Kistner,0.2152,0.4250512593783492,0.3118285973480403,0.5471968710047274
2022,House,Minnesota,District 3,2022-07-01,Phillips,Weiler,0.5231,0.5054484553986336,0.3858756473525852,0.62424224698493
2022,House,Minnesota,District 4,2022-07-01,McCollum,Xiong,0.8947,0.6174356780006047,0.4966590372133058,0.7257472605094366
2022,House,Minnesota,District 5,2022-07-01,Omar,Davis,0.998,0.7496679530665089,0.6452037225070797,0.8343362292816356
2022,House,Minnesota,District 6,2022-07-01,Hendricks,Emmer,0.0036,0.26963465283581145,0.17919416136513064,0.3778632864350096
2022,House,Minnesota,District 7,2022-07-01,Abahsain,Fischbach,0,0.20337819508630556,0.12821392189074907,0.2968887161954383
2022,House,Minnesota,District 8,2022-07-01,Schultz,Stauber,0.0081,0.2882325972750607,0.19155880006457443,0.3969491506053026
2022,House,Mississippi,District 1,2022-07-01,Black,Kelly,0,0.200698187372787,0.12494554342369787,0.2941994598908613
2022,House,Mississippi,District 2,2022-07-01,Thompson,Flowers,0.4386,0.4856019689645339,0.36702194087800194,0.6054040237953414
2022,House,Mississippi,District 3,2022-07-01,Young,Guest,8e-4,0.22160466180984723,0.14215695938908707,0.31852507911989625
2022,House,Mississippi,District 4,2022-07-01,DuPree,Ezell,0,0.18232326437971552,0.11274937395501508,0.2724167348401129
2022,House,Missouri,District 1,2022-07-01,Bush,Jones,0.98740000000000006,0.6985796241062479,0.5875184581720693,0.7958195961966079
2022,House,Missouri,District 2,2022-07-01,Gunby,Wagner,0.0241,0.31762467638183545,0.21892838388163882,0.4327022359802668
2022,House,Missouri,District 3,2022-07-01,Mann,Luetkemeyer,7e-4,0.22852917948937218,0.14730361356786645,0.32708090057457506
2022,House,Missouri,District 4,2022-07-01,Truman,Alford,0,0.17710378367506452,0.10857555336037955,0.26406530281743
2022,House,Missouri,District 5,2022-07-01,Cleaver,Turk,0.649,0.5350837805456319,0.4156821662462593,0.6536411023460726
2022,House,Missouri,District 6,2022-07-01,Martin,Graves,0,0.1857781834113236,0.11550473592205206,0.2794706431581389
2022,House,Missouri,District 7,2022-07-01,Radaker-Sheafer,Burlison,0,0.172141895587048,0.10333620662701726,0.26048561321789176
2022,House,Missouri,District 8,2022-07-01,McCallian,Smith,0,0.13645331767702212,0.07919283440140122,0.21314197259102546
2022,House,Montana,District 1,2022-07-01,Tranel,Zinke,0.0214,0.31768263156189913,0.21888311206065517,0.4303552045215505
2022,House,Montana,District 2,2022-07-01,Ronning,Rosendale,3e-4,0.21441405026799668,0.1371692997014634,0.3123932773454252
2022,House,Nebraska,District 1,2022-07-01,Pansing Brooks,Flood,0.0129,0.30505642315935805,0.2084666491043133,0.4169380531989152
2022,House,Nebraska,District 2,2022-07-01,Vargas,Bacon,0.3968,0.484483382129589,0.41060132978477915,0.5577830752623156
2022,House,Nebraska,District 3,2022-07-01,Else,Smith,0,0.13761023314361548,0.07909179893202413,0.21296170912231022
2022,House,Nevada,District 1,2022-07-01,Titus,Robertson,0.3283,0.45751763535443446,0.3407648416583793,0.5785528031134191
2022,House,Nevada,District 2,2022-07-01,Krause,Amodei,0.0219,0.3170533498858551,0.2191267777683518,0.4294042726863674
2022,House,Nevada,District 3,2022-07-01,Lee,Becker,0.4153,0.4873291646623708,0.416230761179888,0.5610203951100077
2022,House,Nevada,District 4,2022-07-01,Horsford,Peters,0.3162,0.45436596738724905,0.3377279255104041,0.5761403458748358
2022,House,New Hampshire,District 1,2022-07-01,Pappas,Mowers,0.1512,0.4035879976746938,0.2920225486523413,0.521396709474108
2022,House,New Hampshire,District 2,2022-07-01,Kuster,Burns,0.2197,0.42594783476427733,0.3131165925113682,0.5488202356753046
2022,House,New Jersey,District 1,2022-07-01,Norcross,Gustafson,0.6487,0.5364005665457663,0.41828448505088967,0.6526899309942416
2022,House,New Jersey,District 2,2022-07-01,Alexander,Van Drew,0.0525,0.3528209623177151,0.24578111172719042,0.46653466346383443
2022,House,New Jersey,District 3,2022-07-01,Kim,Healey,0.4033,0.4767192121728887,0.35840520022305583,0.597058824038702
2022,House,New Jersey,District 4,2022-07-01,Jenkins,Smith,0.003,0.2573125550478662,0.16943951760750595,0.3632082919488814
2022,House,New Jersey,District 5,2022-07-01,Gottheimer,Pallotta,0.3781,0.4707956632873993,0.3537383939138139,0.5896946280286028
2022,House,New Jersey,District 6,2022-07-01,Pallone,Kiley,0.59,0.5207281236186667,0.40192875507941356,0.639246557535313
2022,House,New Jersey,District 7,2022-07-01,Malinowski,Kean,0.1621,0.408144565585596,0.29485990232396714,0.5270308584886048
2022,House,New Jersey,District 8,2022-07-01,Menendez,Arroyo,0.9756,0.6766473011236551,0.5628043199395826,0.7766198400996714
2022,House,New Jersey,District 9,2022-07-01,Pascrell,Prempeh,0.5847,0.5206373166239577,0.3997085114022503,0.6388158302703498
2022,House,New Jersey,District 10,2022-07-01,Payne,Pinckney,0.9966,0.7378849528573068,0.6340621740721484,0.8280034746568196
2022,House,New Jersey,District 11,2022-07-01,Sherrill,DeGroot,0.485,0.49628908348549045,0.3747321869796519,0.6134523306253625
2022,House,New Jersey,District 12,2022-07-01,Watson Coleman,Mayfield,0.761,0.5671357377604763,0.44562573835150526,0.6792746313214963
2022,House,New Mexico,District 1,2022-07-01,Stansbury,Garcia Holmes,0.3776,0.471220954530818,0.35417495332662713,0.5907185579924871
2022,House,New Mexico,District 2,2022-07-01,Vasquez,Herrell,0.1528,0.4023329210132883,0.29327391780696677,0.5228563319036963
2022,House,New Mexico,District 3,2022-07-01,Fernandez,Johnson,0.2689,0.44343416862812723,0.32792074815027583,0.5619319012551962
2022,House,New York,District 1,2022-07-01,Fleming,LaLota,0.0791,0.3715597576461077,0.2631004824604798,0.4871423981341171
2022,House,New York,District 2,2022-07-01,Gordon,Garbarino,0.0689,0.3630122840791399,0.2566446763717955,0.4802333788040561
2022,House,New York,District 3,2022-07-01,Lafazan,Santos,0.2714,0.4438837092069545,0.327869827587504,0.562919044076425
2022,House,New York,District 4,2022-07-01,Grillen,D'Esposito,0.4079,0.4785542423217161,0.36134238302694055,0.5972477111779291
2022,House,New York,District 5,2022-07-01,Meeks,King,0.9985,0.7541368968854898,0.6516069553810196,0.841333545422682
2022,House,New York,District 6,2022-07-01,Meng,Zmich,0.8948,0.6188363191578563,0.49704728192746456,0.7258251031268618
2022,House,New York,District 7,2022-07-01,Velázquez,Pagan,0.9997,0.7741607079165503,0.6775341836110452,0.8556885760421042
2022,House,New York,District 8,2022-07-01,Jeffries,Dashevsky,0.9864,0.6951411752758433,0.5826794502394346,0.7918747131554607
2022,House,New York,District 9,2022-07-01,Clarke,Raitport,0.9922,0.7108647537420114,0.6030167188753304,0.8045044290234225
2022,House,New York,District 10,2022-07-01,Goldman,Hamdan,0.9997,0.8062279971485905,0.7137357576560677,0.87972737315338
2022,House,New York,District 11,2022-07-01,Rose,Malliotakis,0.0678,0.41473469213752123,0.34269955698414295,0.4877491246090632
2022,House,New York,District 12,2022-07-01,Nadler,Zumbluskas,0.9997,0.7968363813484937,0.7024300453233704,0.8722710779897531
2022,House,New York,District 13,2022-07-01,Espaillat,Richards,0.9999,0.8270539053329591,0.7415519705400455,0.8955492646085621
2022,House,New York,District 14,2022-07-01,Ocasio-Cortez,Forte,0.9988,0.752472446899966,0.6510802336828314,0.8388374863706242
2022,House,New York,District 15,2022-07-01,Torres,Sapaskis,1,0.7987029205933752,0.7051584415482955,0.8721019098225405
2022,House,New York,District 16,2022-07-01,Bowman,Ciampoli,0.9668,0.6634244125354032,0.5481464096560884,0.7658959744788515
2022,House,New York,District 17,2022-07-01,Maloney,Lawler,0.3197,0.45631856415293054,0.3408667471787072,0.5759055304102103
2022,House,New York,District 18,2022-07-01,Ryan,Schmitt,0.2092,0.425476944321291,0.31138242339472627,0.5459375122943086
2022,House,New York,District 19,2022-07-01,Riley,Molinaro,0.1623,0.40874037062508584,0.2969948253809468,0.5255951514223041
2022,House,New York,District 20,2022-07-01,Tonko,Joy,0.4732,0.4941371304806663,0.3729980519875502,0.6114414039095808
2022,House,New York,District 21,2022-07-01,Castelli,Stefanik,0.0108,0.2916167413114339,0.1967015123539745,0.4027818289794752
2022,House,New York,District 22,2022-07-01,Conole,Williams,0.1851,0.41679971404923716,0.302977825699937,0.5359819244790734
2022,House,New York,District 23,2022-07-01,Della Pia,Paladino,0.0049,0.26914389423580865,0.17761168767223237,0.37213276581338
2022,House,New York,District 24,2022-07-01,Holden,Tenney,0.002,0.26089785551624906,0.17411388586286605,0.36650659984857065
2022,House,New York,District 25,2022-07-01,Morelle,Singletary,0.4732,0.49438999341007017,0.3756075699928832,0.6148033227048956
2022,House,New York,District 26,2022-07-01,Higgins,Sams,0.5094,0.5019266483990594,0.384161276761502,0.6256143358504728
2022,House,North Carolina,District 1,2022-07-01,Davis,Smith,0.401,0.48559848769351294,0.41311974287839054,0.5598191356970785
2022,House,North Carolina,District 2,2022-07-01,Ross,Villaverde,0.7379,0.5592835887870228,0.4397949613090022,0.673477004224706
2022,House,North Carolina,District 3,2022-07-01,Gaskins,Murphy,0.001,0.23996736685661968,0.15500668922015998,0.3388139964770197
2022,House,North Carolina,District 4,2022-07-01,Foushee,Geels,0.853,0.5970090682388207,0.4777458957778435,0.7063977018103622
2022,House,North Carolina,District 5,2022-07-01,Parrish,Foxx,0.0036,0.2604249776967392,0.17151429319929012,0.36540583964136114
2022,House,North Carolina,District 6,2022-07-01,Manning,Castelli,0.6548,0.5219889669552906,0.44969604617073394,0.5951639290422515
2022,House,North Carolina,District 7,2022-07-01,Graham,Rouzer,0.0127,0.29728869369372996,0.200128850156116,0.40824244524628445
2022,House,North Carolina,District 8,2022-07-01,Huffman,Bishop,0,0.20095911105337216,0.12552106238659738,0.2952225716422782
2022,House,North Carolina,District 9,2022-07-01,Clark,Hudson,0.0308,0.32799143990624846,0.22613753268857634,0.4420793132992562
2022,House,North Carolina,District 10,2022-07-01,Genant,McHenry,0,0.18593020290242607,0.115524557781996,0.2775886042504328
2022,House,North Carolina,District 11,2022-07-01,Beach-Ferrara,Edwards,0.0144,0.3051223085880129,0.20740762713526012,0.41655909819262615
2022,House,North Carolina,District 12,2022-07-01,Adams,Lee,0.7499,0.5625078101362895,0.44262252855133355,0.677562124860795
2022,House,North Carolina,District 13,2022-07-01,Nickel,Hines,0.101,0.3826452750378267,0.2739145510713068,0.5004920849390221
2022,House,North Carolina,District 14,2022-07-01,Jackson,Harrigan,0.4209,0.482247165178676,0.3638477863613606,0.6015662312947395
2022,House,North Dakota,District 1,2022-07-01,Haugen,Armstrong,1e-4,0.19428297596204333,0.12029918343706872,0.28642397003277287
2022,House,Ohio,District 1,2022-07-01,Landsman,Chabot,0.1746,0.4137315478692641,0.29951922724173463,0.5337348380389586
2022,House,Ohio,District 2,2022-07-01,Meadows,Wenstrup,0,0.1534617795371274,0.09013633372055833,0.2342625447294845
2022,House,Ohio,District 3,2022-07-01,Beatty,Stahley,0.9313,0.6377835238708922,0.5208261252833595,0.7454463594121924
2022,House,Ohio,District 4,2022-07-01,Wilson,Jordan,0,0.19578907207795088,0.12354493834408882,0.28829189711452663
2022,House,Ohio,District 5,2022-07-01,Swartz,Latta,0.0014,0.23893461483248385,0.1553098361127926,0.34177952918534904
2022,House,Ohio,District 6,2022-07-01,Lyras,Johnson,7e-4,0.22080665019062207,0.14062929829753265,0.3194609695386596
2022,House,Ohio,District 7,2022-07-01,Diemer,Miller,0.0271,0.3261332777903196,0.22462389309458405,0.4391997118163897
2022,House,Ohio,District 8,2022-07-01,Enoch,Davidson,0.0018,0.24872446436463108,0.16386411763841685,0.35179938673005434
2022,House,Ohio,District 9,2022-07-01,Kaptur,Majewski,0.5188,0.5027543226380302,0.4297881718916773,0.575017508301515
2022,House,Ohio,District 10,2022-07-01,Esrati,Turner,0.041,0.34219636540482123,0.23872764269476643,0.4579700324276222
2022,House,Ohio,District 11,2022-07-01,Brown,Brewer,0.9929,0.7136943657764576,0.6054345206811582,0.8089861223401436
2022,House,Ohio,District 12,2022-07-01,Rippel-Elton,Balderson,1e-4,0.2068866305949325,0.13156650917918875,0.30213214276146333
2022,House,Ohio,District 13,2022-07-01,Sykes,Gilbert,0.1533,0.4041771651580946,0.2925982057265455,0.5247939331926214
2022,House,Ohio,District 14,2022-07-01,Kilboy,Joyce,0.0087,0.29008093358755066,0.1969539902119678,0.40055429542077575
2022,House,Ohio,District 15,2022-07-01,Josephson,Carey,0.0303,0.33129002504628824,0.23066169106386417,0.4468131454634533
2022,House,Oklahoma,District 1,2022-07-01,Martin,Hern,0.0016,0.2506937513313498,0.16409299844428854,0.3535717228437616
2022,House,Oklahoma,District 2,2022-07-01,Andrews,Brecheen,0,0.12782292873187462,0.07233652316831511,0.20020565190848447
2022,House,Oklahoma,District 3,2022-07-01,Ross,Lucas,0,0.17036276525036187,0.10326548744207835,0.25796762810118123
2022,House,Oklahoma,District 4,2022-07-01,Brannon,Cole,1e-4,0.20672458546330724,0.13002833682319798,0.29971926310412783
2022,House,Oklahoma,District 5,2022-07-01,Harris-Till,Bice,0.0044,0.2690333990253761,0.17755049587830632,0.3761996095586548
2022,House,Oregon,District 1,2022-07-01,Bonamici,Mann,0.9226,0.6312003805486286,0.5129515972968339,0.7370812883825835
2022,House,Oregon,District 2,2022-07-01,Yetter III,Bentz,8e-4,0.2359278995632873,0.15420046058977702,0.33665278182661595
2022,House,Oregon,District 3,2022-07-01,Blumenauer,Harbour,0.9738,0.6741507445782591,0.5624618079418264,0.7739014500680566
2022,House,Oregon,District 4,2022-07-01,Hoyle,Skarlatos,0.3706,0.4815152722798285,0.40826499830613106,0.554165503132395
2022,House,Oregon,District 5,2022-07-01,McLeod-Skinner,Chavez-DeRemer,0.3222,0.4739431887259743,0.401039370489898,0.5459812663519158
2022,House,Oregon,District 6,2022-07-01,Salinas,Erickson,0.4939,0.49896142009368283,0.42753402482914615,0.5722306562192034
2022,House,Pennsylvania,District 1,2022-07-01,Ehasz,Fitzpatrick,0.1557,0.44136583408990027,0.3693096914908577,0.5152773926444235
2022,House,Pennsylvania,District 2,2022-07-01,Boyle,Bashir,0.9511,0.6541739461830085,0.5367768032125908,0.7574352313476701
2022,House,Pennsylvania,District 3,2022-07-01,Evans,Hoeppner,0.9999,0.8080046712553101,0.7194283528666529,0.8806577129508176
2022,House,Pennsylvania,District 4,2022-07-01,Cunnane,Nascimento,0.4684,0.4920935607823867,0.3739298050333406,0.6129352883067232
2022,House,Pennsylvania,District 5,2022-07-01,Scanlon,Galluch,0.7779,0.5720339396879259,0.45166761351191265,0.6879234842566815
2022,House,Pennsylvania,District 6,2022-07-01,Houlahan,Ciarrocchi,0.413,0.4801286599843234,0.3612063150902578,0.5996321061335202
2022,House,Pennsylvania,District 7,2022-07-01,Wild,Scheller,0.1266,0.39344685751425856,0.28465604662347005,0.5143778030712556
2022,House,Pennsylvania,District 8,2022-07-01,Cartwright,Bognet,0.3782,0.48300118458163843,0.40990555823803354,0.5549586324522848
2022,House,Pennsylvania,District 9,2022-07-01,Waldman,Meuser,0,0.19004910725238272,0.11776140529542702,0.281834883987133
2022,House,Pennsylvania,District 10,2022-07-01,Daniels,Perry,0.05,0.348251646843288,0.2439211782902952,0.46483550322884115
2022,House,Pennsylvania,District 11,2022-07-01,Hollister,Smucker,0.0035,0.2637396707423929,0.17464877400067783,0.36959180991723073
2022,House,Pennsylvania,District 12,2022-07-01,Lee,Doyle,0.4608,0.49082248811071316,0.3722237707143534,0.610186100842671
2022,House,Pennsylvania,District 15,2022-07-01,Molesevich,Thompson,0,0.1886349730815428,0.11769457195975645,0.2795844470353367
2022,House,Pennsylvania,District 16,2022-07-01,Pastore,Kelly,0.0021,0.251619474747633,0.16419262826001624,0.3564347981415653
2022,House,Pennsylvania,District 17,2022-07-01,Deluzio,Shaffer,0.3009,0.4706590307649768,0.39643895295239107,0.5421054294201464
2022,House,Rhode Island,District 1,2022-07-01,Cicilline,Waters,0.739,0.5593499782534829,0.4392087225478016,0.6747427898391773
2022,House,Rhode Island,District 2,2022-07-01,Magaziner,Fung,0.1782,0.4562929644346101,0.397417515336377,0.5164451553506135
2022,House,South Carolina,District 1,2022-07-01,Andrews,Mace,0.0213,0.3149885136003935,0.2160735810706781,0.42880725963028526
2022,House,South Carolina,District 2,2022-07-01,Larkins,Wilson,0.0147,0.30225092145905363,0.2046901324583015,0.4135189279503727
2022,House,South Carolina,District 5,2022-07-01,Hundley,Norman,0.0028,0.25971021508317715,0.1700707005832305,0.36523329065157534
2022,House,South Carolina,District 6,2022-07-01,Clyburn,Buckner,0.7032,0.5499968187175456,0.42866107007639526,0.6644533243227069
2022,House,South Carolina,District 7,2022-07-01,Scott,Fry,0.0048,0.2700928708916902,0.1783688347690864,0.37398289445807475
2022,House,South Dakota,District 1,2022-07-01,Duprel,Johnson,3e-4,0.22433256066135643,0.14375221320757964,0.3211812830717644
2022,House,Tennessee,District 1,2022-07-01,Parsons,Harshbarger,0,0.13007994744322499,0.07346882953900222,0.20394695307546934
2022,House,Tennessee,District 2,2022-07-01,Harmon,Burchett,5e-4,0.21449628106553836,0.135837045409186,0.31147477460058953
2022,House,Tennessee,District 3,2022-07-01,Gorman,Fleischmann,0,0.20403870187218925,0.12901116402854745,0.3003813393311005
2022,House,Tennessee,District 4,2022-07-01,Steele,DesJarlais,0,0.18517703325050153,0.1143549641491062,0.2734224998950715
2022,House,Tennessee,District 5,2022-07-01,Campbell,Ogles,0.0192,0.3114742588410718,0.21452164038676194,0.42556066080684374
2022,House,Tennessee,District 6,2022-07-01,Cooper,Rose,1e-4,0.22242636369622115,0.1409589565818297,0.3205921581181468
2022,House,Tennessee,District 7,2022-07-01,Kelly,Green,0.0084,0.2852886706263033,0.19183647877931484,0.3940359424331962
2022,House,Tennessee,District 8,2022-07-01,Williams,Kustoff,1e-4,0.18453103458802594,0.11342180855268638,0.27549565348603283
2022,House,Tennessee,District 9,2022-07-01,Cohen,Bergmann,0.9383,0.6412228155405898,0.523906412972262,0.746301317000218
2022,House,Texas,District 1,2022-07-01,Jefferson,Moran,0,0.16120417778819035,0.0958375417282198,0.24346668592282017
2022,House,Texas,District 2,2022-07-01,Fulford,Crenshaw,0.0099,0.2904801218313723,0.19583465367233469,0.40083591263675156
2022,House,Texas,District 3,2022-07-01,Srivastava,Self,0.0272,0.3282336324627456,0.22759694949840992,0.4439479963666537
2022,House,Texas,District 4,2022-07-01,Omere,Fallon,8e-4,0.2451462184110805,0.1592370105938426,0.34405956987387015
2022,House,Texas,District 5,2022-07-01,Hill,Gooden,0.0027,0.2613142964542553,0.17205779865866075,0.367808653588513
2022,House,Texas,District 7,2022-07-01,Fletcher,Teague,0.7945,0.5772426407281437,0.4562176887453579,0.6901180906054426
2022,House,Texas,District 8,2022-07-01,Jones,Luttrell,0.0016,0.24965507620570937,0.1641869474608759,0.353231601783737
2022,House,Texas,District 9,2022-07-01,Green,Leon,0.9905,0.7042686016228765,0.596397279871495,0.8008037137210713
2022,House,Texas,District 10,2022-07-01,Nuno,McCaul,0.0051,0.2729523861310209,0.1807981976013038,0.37797861611944505
2022,House,Texas,District 12,2022-07-01,Hunt,Granger,0.0021,0.25102933575919895,0.1631843231178615,0.3536897979807959
2022,House,Texas,District 13,2022-07-01,Brown,Jackson,0,0.16299041794186167,0.09721389602887204,0.2467827849989828
2022,House,Texas,District 14,2022-07-01,Williams,Weber,5e-4,0.23158580940020618,0.1486846029710206,0.3325932880537074
2022,House,Texas,District 15,2022-07-01,Vallejo,De La Cruz,0.1112,0.38757928824481175,0.27882215312388836,0.5057916725332577
2022,House,Texas,District 16,2022-07-01,Escobar,Armendariz-Jackson,0.8694,0.6027325872651152,0.4860739575747745,0.7135864179190449
2022,House,Texas,District 17,2022-07-01,Woods,Sessions,0.0011,0.2482904244389112,0.16236868650602443,0.35141432998464595
2022,House,Texas,District 18,2022-07-01,Jackson Lee,Montiel,0.9743,0.6761225646330717,0.5597102954642242,0.7782875167718898
2022,House,Texas,District 19,2022-07-01,Lewis,Arrington,0,0.16208682468977886,0.0964267259754551,0.24709109703814824
2022,House,Texas,District 20,2022-07-01,Castro,Sinclair,0.8376,0.5930903286810307,0.47226934432001233,0.7036642025320455
2022,House,Texas,District 21,2022-07-01,Zapata,Roy,0.0018,0.24936851758919334,0.16409607928737818,0.35118359537806243
2022,House,Texas,District 22,2022-07-01,Jordan,Nehls,0.0013,0.2386928842438438,0.15409447266467513,0.33951604138653035
2022,House,Texas,District 23,2022-07-01,Lira,Gonzales,0.0456,0.34719142319591223,0.2427697647988029,0.46300460239759
2022,House,Texas,District 24,2022-07-01,McDowell,Van Duyne,0.0124,0.30154949283028376,0.20467813534662382,0.4110013325720431
2022,House,Texas,District 25,2022-07-01,Collier,Williams,1e-4,0.2153321456006883,0.13640742712652126,0.31301343767686685
2022,House,Texas,District 26,2022-07-01,Kolls,Burgess,0.004,0.2725989483918826,0.18090150414289347,0.37955219948827645
2022,House,Texas,District 27,2022-07-01,Perez,Cloud,0.0044,0.2646064314261487,0.17478633739724375,0.3722359371424553
2022,House,Texas,District 28,2022-07-01,Cuellar,Garcia,0.2564,0.4377035407709168,0.32257914266752796,0.5580275937906636
2022,House,Texas,District 29,2022-07-01,Garcia,Schafranek,0.8975,0.6175205206349792,0.4985128397111735,0.7265900525596003
2022,House,Texas,District 30,2022-07-01,Crockett,Rodgers,0.9905,0.7098642099312438,0.602729533749051,0.8059739611099723
2022,House,Texas,District 32,2022-07-01,Allred,Swad,0.8322,0.5882426602001093,0.46938292185993435,0.7012522234964618
2022,House,Texas,District 33,2022-07-01,Veasey,Gillespie,0.9819,0.6914550123731309,0.5796482603391702,0.7876663833841592
2022,House,Texas,District 34,2022-07-01,Gonzalez,Flores,0.4406,0.48602880717869407,0.36849005830664555,0.6054232695447949
2022,House,Texas,District 35,2022-07-01,Casar,McQueen,0.9609,0.6576992135212745,0.5430329998685444,0.761286932326919
2022,House,Texas,District 36,2022-07-01,Haire,Babin,7e-4,0.22528296348466798,0.14439491983225045,0.32572582006650136
2022,House,Texas,District 37,2022-07-01,Doggett,Garcia Sharon,0.9876,0.699617432749525,0.5888811850508717,0.7965762033589892
2022,House,Texas,District 38,2022-07-01,Klussmann,Hunt,0.011,0.2898973375114937,0.19615906154435755,0.40170042028657493
2022,House,Utah,District 1,2022-07-01,Jones,Moore,0.0057,0.2740985189127006,0.18141120462988777,0.38078763448601827
2022,House,Utah,District 2,2022-07-01,Mitchell,Stewart,0.0076,0.28441721482899196,0.19101973681183707,0.3929526544868465
2022,House,Utah,District 3,2022-07-01,Wright,Curtis,0.0033,0.2613826159105279,0.17152968954992612,0.36705685134648214
2022,House,Utah,District 4,2022-07-01,McDonald,Owens,0.001,0.23853489863854427,0.15518253671779214,0.3388591050232014
2022,House,Vermont,District 1,2022-07-01,Balint,Madden,0.8142,0.5837692796815839,0.46422532158530494,0.6944396475337201
2022,House,Virginia,District 1,2022-07-01,Jones,Wittman,0.0307,0.33053569431218294,0.22919276885747322,0.44637425165563793
2022,House,Virginia,District 2,2022-07-01,Luria,Kiggans,0.0813,0.3707190942901317,0.2643209712806651,0.4904266630163628
2022,House,Virginia,District 3,2022-07-01,Scott,Namkung,0.8508,0.5948597383016547,0.4761042404648282,0.7058118756413375
2022,House,Virginia,District 4,2022-07-01,McEachin,Benjamin,0.8157,0.5841453249804932,0.46718256991957946,0.6972301500274221
2022,House,Virginia,District 5,2022-07-01,Throneburg,Good,0.0153,0.30946283284857795,0.21233623428355816,0.42317695205227274
2022,House,Virginia,District 6,2022-07-01,Lewis,Cline,0.0021,0.25016447629893074,0.16482324645083504,0.35528823652049857
2022,House,Virginia,District 7,2022-07-01,Spanberger,Vega,0.2116,0.4263562278923856,0.31186491424627866,0.5471274501998596
2022,House,Virginia,District 8,2022-07-01,Beyer,Lipsman,0.9932,0.7191577735299028,0.6086946974445129,0.8116456882429339
2022,House,Virginia,District 9,2022-07-01,DeVaughan,Griffith,0,0.17389996685240383,0.10608320460403509,0.26042343249958455
2022,House,Virginia,District 10,2022-07-01,Wexton,Cao,0.3793,0.4705440456417972,0.3535807154351607,0.5905770367235914
2022,House,Virginia,District 11,2022-07-01,Connolly,Myles,0.9244,0.6329971291047491,0.5135092584906639,0.7384868335450689
2022,House,Washington,District 1,2022-07-01,DelBene,Cavaleri,0.7782,0.5698474427862921,0.4503477401957179,0.6856218074457404
2022,House,Washington,District 2,2022-07-01,Larsen,Matthews,0.592,0.5209671729998777,0.403556206678075,0.6401756588258022
2022,House,Washington,District 3,2022-07-01,Perez,Kent,0.0527,0.35151141608792635,0.24620904824104162,0.46670766378048456
2022,House,Washington,District 4,2022-07-01,White,Newhouse,0.0061,0.2806261702663803,0.18598567916587144,0.39027989717211614
2022,House,Washington,District 5,2022-07-01,Hill,McMorris Rodgers,0.0162,0.30834512941235975,0.21263469331846463,0.4206338007350584
2022,House,Washington,District 6,2022-07-01,Kilmer,Kreiselmaier,0.422,0.48117934869789686,0.3619301607863671,0.6007486530736381
2022,House,Washington,District 7,2022-07-01,Jayapal,Moon,0.9999,0.8005614733160948,0.7070554109570478,0.8763920281367814
2022,House,Washington,District 8,2022-07-01,Schrier,Larkin,0.208,0.4245782539650975,0.3113299805735202,0.5444208104734576
2022,House,Washington,District 9,2022-07-01,Smith,Basler,0.9653,0.6622285083668968,0.5486378011328762,0.7646574129378325
2022,House,Washington,District 10,2022-07-01,Strickland,Swank,0.4942,0.4987726290955621,0.3794395661313082,0.6204663406910785
2022,House,West Virginia,District 1,2022-07-01,Watson,Miller,1e-4,0.1651431265658688,0.09892634850467197,0.24932440340301446
2022,House,West Virginia,District 2,2022-07-01,Wendell,Mooney,0,0.17708447777577896,0.1080465122078739,0.2646389329666024
2022,House,Wisconsin,District 1,2022-07-01,Roe,Steil,0.079,0.36807654512110527,0.25828541823309653,0.4871223629776279
2022,House,Wisconsin,District 2,2022-07-01,Pocan,Olsen,0.9366,0.63733609179214,0.521696628040002,0.7460616110973641
2022,House,Wisconsin,District 3,2022-07-01,Pfaff,Van Orden,0,0.14045384734609972,0.10102487484702169,0.18671951499635797
2022,House,Wisconsin,District 4,2022-07-01,Moore,Rogers,0.989,0.698249874845307,0.5872021833506043,0.7937814569914565
2022,House,Wisconsin,District 5,2022-07-01,Van Someren,Fitzgerald,0.0014,0.25370098124924056,0.16592464269580287,0.35641984331308024
2022,House,Wisconsin,District 7,2022-07-01,Ausman,Tiffany,0.0029,0.25795118802840294,0.17065951581084982,0.36320547836981265
2022,House,Wyoming,District 1,2022-07-01,Grey Bull,Hageman,0,0.16438756336049387,0.09880870011415813,0.2483939484340826
2022,Senate,Alaska,Class III,2022-07-01,Chesbro,Tshibaka,0.0195,0.3089317877620252,0.2104254451908927,0.4209157614794205
2022,Senate,Alabama,Class III,2022-07-01,Boyd,Britt,8e-4,0.23729439552022485,0.15379711159513587,0.3383697945186587
2022,Senate,Arkansas,Class III,2022-07-01,James,Boozman,5e-4,0.23289630215248275,0.1499488887997244,0.33076967895995224
2022,Senate,Arizona,Class III,2022-07-01,Kelly,Masters,0.7398,0.5345821421507697,0.464688452767761,0.6023628254874462
2022,Senate,California,Class III,2022-07-01,Padilla,Meuser,0.8017,0.5786104921940881,0.46056215658276384,0.6924453099377209
2022,Senate,Colorado,Class III,2022-07-01,Bennet,O'Dea,0.8785,0.5614382132431703,0.4930564198385068,0.6291868924725418
2022,Senate,Connecticut,Class III,2022-07-01,Blumenthal,Levy,0.5043,0.5010589289244003,0.38523309966456293,0.6217041496961948
2022,Senate,Florida,Class III,2022-07-01,Demings,Rubio,0.0837,0.3710351676659902,0.2629465219643926,0.4902983371659589
2022,Senate,Georgia,Class III,2022-07-01,Warnock,Walker,0.4792,0.49789301712725087,0.4363420174200687,0.5615283383510795
2022,Senate,Hawaii,Class III,2022-07-01,Schatz,McDermott,0.743,0.5612927991340377,0.44156496837015025,0.6764312206554822
2022,Senate,Iowa,Class III,2022-07-01,Franken,Grassley,0.0331,0.3344701891249715,0.2312209513346333,0.4500123902300492
2022,Senate,Idaho,Class III,2022-07-01,Roth,Crapo,3e-4,0.21614129730372827,0.13730887334541286,0.31401469110633523
2022,Senate,Illinois,Class III,2022-07-01,Duckworth,Salvi,0.5131,0.5029900269699232,0.38540334244820995,0.6220742980049148
2022,Senate,Indiana,Class III,2022-07-01,McDermott,Young,0.0064,0.2822759684988419,0.18881493095370822,0.3920953199343845
2022,Senate,Kansas,Class III,2022-07-01,Holland,Moran,0.0113,0.2947070770956561,0.1994494501486548,0.4047954272009784
2022,Senate,Kentucky,Class III,2022-07-01,Booker,Paul,8e-4,0.2302839444001356,0.14912548637094838,0.33253552428039773
2022,Senate,Louisiana,Class III,2022-07-01,Chambers,Kennedy,0.0031,0.25984206873286364,0.17207055751984987,0.366698528704748
2022,Senate,Maryland,Class III,2022-07-01,Van Hollen,Chaffee,0.7904,0.5756151248490394,0.4564472026727552,0.690351037175069
2022,Senate,Missouri,Class III,2022-07-01,Busch Valentine,Schmitt,0.0098,0.29041134838694216,0.19650178228394077,0.4004769199666789
2022,Senate,North Carolina,Class III,2022-07-01,Beasley,Budd,0.3128,0.4755272163810012,0.41030401695843477,0.539097545137652
2022,Senate,North Dakota,Class III,2022-07-01,Christiansen,Hoeven,2e-4,0.19519585542715728,0.12133955548322634,0.2881481962143276
2022,Senate,New Hampshire,Class III,2022-07-01,Hassan,Bolduc,0.6728,0.5251918442019501,0.45244660822721716,0.5969094850157148
2022,Senate,Nevada,Class III,2022-07-01,Cortez Masto,Laxalt,0.5838,0.5115168766078645,0.43890475263432327,0.5860147333950174
2022,Senate,New York,Class III,2022-07-01,Schumer,Pinion,0.6631,0.5387132477082535,0.41839060129839734,0.6604794130445483
2022,Senate,Ohio,Class III,2022-07-01,Ryan,Vance,0.3869,0.4839984915383325,0.4107896086085373,0.5559573888581537
2022,Senate,Oklahoma,Class II,2022-07-01,K. Horn,Mullin,1e-4,0.20360770811528778,0.128097452585577,0.2980595797717971
2022,Senate,Oklahoma,Class III,2022-07-01,M. Horn,Lankford,0,0.19661566089422167,0.12353939848436209,0.28992304607339997
2022,Senate,Oregon,Class III,2022-07-01,Wyden,Perkins,0.4418,0.4850065069429698,0.36625017008956007,0.6044027322659016
2022,Senate,Pennsylvania,Class III,2022-07-01,Fetterman,Oz,0.6153,0.5152772839544761,0.4499177141154823,0.5805743410023858
2022,Senate,South Carolina,Class III,2022-07-01,Matthews,Scott,0.0127,0.3007681180533982,0.2053567613522386,0.4111747770054567
2022,Senate,South Dakota,Class III,2022-07-01,Bengs,Thune,8e-4,0.2231446984231836,0.14158507976753149,0.31840620065443387
2022,Senate,Utah,Class III,2022-07-01,McMullin,Lee,0.0256,0.41215927913403577,0.3546165614877094,0.47005398915889984
2022,Senate,Vermont,Class III,2022-07-01,Welch,Malloy,0.8142,0.5838052631701038,0.4623141570876865,0.6970160321698854
2022,Senate,Washington,Class III,2022-07-01,Murray,Smiley,0.7258,0.5319953684193376,0.46324634002269177,0.5993849879789418
2022,Senate,Wisconsin,Class III,2022-07-01,Barnes,Johnson,0.4029,0.487239492441325,0.422946546083715,0.5503799659132831
2022,Governor,Kansas,Governor,2022-07-01,Kelly,Schmidt,0.0144,0.3028847658665138,0.20485219825547699,0.4149551267210574
2022,Governor,Arizona,Governor,2022-07-01,Hobbs,Lake,0.6946,0.5275869382774874,0.45930169017691136,0.5947871371958139
2022,Governor,Nevada,Governor,2022-07-01,Sisolak,Lombardo,0.5194,0.5026480747528131,0.4337842542029199,0.5702831278166567
2022,Governor,Wisconsin,Governor,2022-07-01,Evers,Michels,0.6777,0.5228601321486268,0.4597885092105631,0.5847849346879554
2022,Governor,Oregon,Governor,2022-07-01,Kotek,Drazan,0.6415,0.5191219104234566,0.45107866431151916,0.5866697622775913
2022,Governor,New Mexico,Governor,2022-07-01,Lujan Grisham,Ronchetti,0.3727,0.4825694345066443,0.4146336606323825,0.549835745521902
2022,Governor,Georgia,Governor,2022-07-01,Abrams,Kemp,0.1725,0.45366963061616045,0.3922446714984066,0.5178923567810414
2022,Governor,Maine,Governor,2022-07-01,Mills,LePage,0.1821,0.41745515995081584,0.30338194978859084,0.5348902882447893
2022,Governor,Pennsylvania,Governor,2022-07-01,Shapiro,Mastriano,0.5037,0.5004119954993707,0.43516489907766714,0.5658401924732589
2022,Governor,Minnesota,Governor,2022-07-01,Walz,Jensen,0.4797,0.4971446160397175,0.4241887609121507,0.5686692628378442
2022,Governor,Florida,Governor,2022-07-01,Crist,DeSantis,0.4001,0.48511228199867107,0.41262807414583064,0.5595942195645952
2022,Governor,Connecticut,Governor,2022-07-01,Lamont,Stefanowski,0.5134,0.5031813998941935,0.3810463259821265,0.6223360944145745
2022,Governor,Michigan,Governor,2022-07-01,Whitmer,Dixon,0.1237,0.393081029759072,0.2832081960172411,0.5107813008652682
2022,Governor,Texas,Governor,2022-07-01,O'Rourke,Abbott,0.1082,0.4392715632346174,0.3768266156931198,0.5023274917548652
2022,Governor,Colorado,Governor,2022-07-01,Polis,Ganahl,0.9522,0.5815783326737525,0.518762695413658,0.6422711814585428
2022,Governor,Illinois,Governor,2022-07-01,Pritzker,Bailey,0.6854,0.5283262275270093,0.4552869212371084,0.6001124390582094
2022,Governor,Maryland,Governor,2022-07-01,Moore,Cox,0.7829,0.5732757275541308,0.45499487494141166,0.6862159150522518
2022,Governor,Rhode Island,Governor,2022-07-01,McKee,Kalus,0.5409,0.5102683821765849,0.3931300456676006,0.6325231746788635
2022,Governor,Ohio,Governor,2022-07-01,Whaley,DeWine,0.0259,0.32701649836600083,0.22507436945674444,0.44019348173718315
2022,Governor,Alaska,Governor,2022-07-01,Walker,Dunleavy,0.0142,0.3013584899664722,0.20481060675414045,0.41213899597874054
2022,Governor,New York,Governor,2022-07-01,Hochul,Zeldin,0.9975,0.6346407752994143,0.5730496750339331,0.6931023353726912
2022,Governor,South Carolina,Governor,2022-07-01,Cunningham,McMaster,0.0127,0.301692051504428,0.20664111601152216,0.412993599177498
2022,Governor,Iowa,Governor,2022-07-01,DeJear,Reynolds,0.0347,0.33525666310630775,0.23394011333577683,0.4504131909149366
2022,Governor,Oklahoma,Governor,2022-07-01,Hofmeister,Stitt,0.0066,0.365247969915565,0.29678176291660824,0.4350356311132148
2022,Governor,New Hampshire,Governor,2022-07-01,Sherman,Sununu,0.158,0.4051992278972154,0.2958873417824067,0.526264181674832
2022,Governor,Massachusetts,Governor,2022-07-01,Healey,Diehl,0.9876,0.6167332307992754,0.5494372079970267,0.6795683139969433
2022,Governor,Nebraska,Governor,2022-07-01,Blood,Pillen,0.0045,0.27126705494166237,0.18152770035830562,0.3814988801479876
2022,Governor,Vermont,Governor,2022-07-01,Siegel,Scott,0.7931,0.5763660016438715,0.45585718452061,0.6904596444541775
2022,Governor,Hawaii,Governor,2022-07-01,Green,Aiona,0.7301,0.5582980247660846,0.43835718898349,0.6711102503639255
2022,Governor,California,Governor,2022-07-01,Newsom,Dahle,0.8023,0.5796796068249089,0.4584640028515649,0.6938607709523432
2022,Governor,Arkansas,Governor,2022-07-01,Jones,Sanders,0.0012,0.237072234957136,0.15363426717978262,0.3397371882253351
2022,Governor,Tennessee,Governor,2022-07-01,Martin,Lee,0.0014,0.24870122466631273,0.1641559761758212,0.35071753903639946
2022,Governor,Alabama,Governor,2022-07-01,Flowers,Ivey,0.001,0.23215516071489914,0.15022609074495694,0.33042673453914984
2022,Governor,South Dakota,Governor,2022-07-01,Smith,Noem,6e-4,0.22285915846114857,0.1432656339450809,0.3216300150190663
2022,Governor,Idaho,Governor,2022-07-01,Heidt,Little,2e-4,0.2144022188884711,0.13667203785508172,0.3125498276221746
2022,Governor,Wyoming,Governor,2022-07-01,Livingston,Gordon,0,0.1605927996354548,0.09677736513412813,0.24367079996436433
